freq,unit,citizen,sex,age,decision,geo\TIME_PERIOD	2008-Q1 	2008-Q2 	2008-Q3 	2008-Q4 	2009-Q1 	2009-Q2 	2009-Q3 	2009-Q4 	2010-Q1 	2010-Q2 	2010-Q3 	2010-Q4 	2011-Q1 	2011-Q2 	2011-Q3 	2011-Q4 	2012-Q1 	2012-Q2 	2012-Q3 	2012-Q4 	2013-Q1 	2013-Q2 	2013-Q3 	2013-Q4 	2014-Q1 	2014-Q2 	2014-Q3 	2014-Q4 	2015-Q1 	2015-Q2 	2015-Q3 	2015-Q4 	2016-Q1 	2016-Q2 	2016-Q3 	2016-Q4 	2017-Q1 	2017-Q2 	2017-Q3 	2017-Q4 	2018-Q1 	2018-Q2 	2018-Q3 	2018-Q4 	2019-Q1 	2019-Q2 	2019-Q3 	2019-Q4 	2020-Q1 	2020-Q2 
Q,PER,EXT_EU27_2020,T,TOTAL,TOTAL,AT	3470 	3070 	2725 	3390 	3780 	3605 	3615 	3815 	3735 	3495 	3385 	3155 	3240 	2925 	3380 	3695 	4005 	3520 	3990 	4375 	4230 	4405 	4455 	3525 	695 	1945 	2375 	4390 	4315 	5325 	5085 	6375 	7745 	10790 	10530 	13350 	10955 	10655 	11540 	12010 	11195 	9925 	7325 	6075 	4905 	3335 	3015 	2635 	2655 	2040 
Q,PER,EXT_EU27_2020,T,TOTAL,TOTAL,BE	3030 	3550 	2765 	3610 	3335 	3535 	3635 	3865 	3710 	3520 	4030 	4965 	4890 	3905 	4380 	6635 	6500 	6310 	5720 	5970 	5750 	5270 	4720 	5655 	5085 	4715 	4825 	5715 	5040 	4700 	4415 	5265 	6205 	6920 	5735 	6100 	6185 	6245 	5730 	5890 	5385 	5900 	3740 	3990 	4250 	3845 	3680 	5395 	4880 	3890 
Q,PER,EXT_EU27_2020,T,TOTAL,TOTAL,BG	155 	220 	235 	60 	125 	150 	220 	150 	140 	120 	125 	135 	115 	115 	105 	270 	155 	170 	175 	140 	255 	340 	670 	1545 	2865 	1445 	1005 	2120 	1195 	2160 	2000 	820 	380 	435 	865 	1365 	1360 	1955 	900 	525 	410 	390 	535 	770 	160 	420 	330 	340 	305 	205 
Q,PER,EXT_EU27_2020,T,TOTAL,TOTAL,CH	1575 	2130 	1845 	1970 	1920 	2335 	3100 	3315 	4260 	4830 	3245 	2685 	3140 	3205 	4165 	3740 	4685 	4245 	3815 	3885 	3970 	4525 	3820 	4285 	5830 	5530 	5000 	5440 	5895 	5505 	5020 	5420 	6160 	6015 	5055 	5350 	4365 	3960 	3940 	3960 	4085 	4480 	4350 	4085 	2605 	3020 	3275 	3415 	3315 	2590 
Q,PER,EXT_EU27_2020,T,TOTAL,TOTAL,CY	0 	0 	0 	0 	755 	1250 	1175 	670 	680 	615 	535 	610 	495 	1030 	665 	435 	425 	275 	370 	265 	170 	215 	175 	235 	215 	270 	410 	405 	485 	390 	705 	485 	600 	510 	330 	535 	475 	790 	645 	540 	510 	380 	800 	790 	615 	640 	1090 	930 	1160 	205 
Q,PER,EXT_EU27_2020,T,TOTAL,TOTAL,CZ	550 	385 	245 	215 	180 	140 	110 	100 	120 	115 	120 	145 	210 	180 	160 	140 	220 	165 	160 	170 	165 	185 	230 	320 	175 	280 	225 	320 	300 	405 	300 	330 	375 	405 	280 	240 	300 	290 	330 	270 	375 	310 	320 	375 	355 	355 	385 	295 	290 	255 
Q,PER,EXT_EU27_2020,T,TOTAL,TOTAL,DE	5600 	4215 	4725 	4705 	6140 	6865 	7290 	6470 	8115 	10600 	13040 	13550 	11785 	9480 	8915 	10100 	11555 	12360 	12080 	22610 	13690 	15155 	22655 	24670 	21205 	19750 	20655 	35670 	48535 	45960 	54255 	100530 	138650 	117830 	163320 	211290 	191770 	165045 	90940 	76445 	58885 	40415 	37510 	42300 	49110 	34725 	37995 	32350 	35490 	33250 
Q,PER,EXT_EU27_2020,T,TOTAL,TOTAL,DK	250 	425 	335 	235 	170 	225 	405 	850 	650 	855 	875 	900 	825 	975 	815 	945 	870 	875 	1175 	1760 	1520 	1235 	1705 	2505 	1640 	1920 	2370 	2125 	3815 	2905 	2520 	3055 	2205 	3150 	2490 	2565 	2480 	2360 	1100 	940 	605 	485 	670 	865 	770 	765 	655 	840 	460 	280 
Q,PER,EXT_EU27_2020,T,TOTAL,TOTAL,EE	5 	5 	0 	0 	10 	0 	5 	10 	15 	10 	10 	5 	10 	10 	30 	5 	10 	20 	20 	5 	10 	15 	20 	10 	10 	15 	15 	15 	20 	35 	50 	70 	45 	55 	50 	45 	55 	45 	25 	25 	25 	30 	10 	15 	25 	20 	15 	30 	25 	15 
Q,PER,EXT_EU27_2020,T,TOTAL,TOTAL,EL	880 	7525 	9325 	11850 	4140 	5270 	3125 	1815 	1000 	1145 	710 	600 	1345 	2400 	2635 	2290 	2880 	3545 	1525 	3240 	2855 	3000 	3895 	3335 	4180 	5050 	2185 	1890 	2550 	2355 	2500 	2235 	2140 	2380 	3090 	3845 	4430 	5760 	6780 	7545 	6860 	8055 	8605 	8820 	8310 	7315 	8275 	8800 	11210 	18275 
Q,PER,EXT_EU27_2020,T,TOTAL,TOTAL,ES	1490 	880 	1300 	1460 	1310 	1145 	1075 	955 	490 	670 	840 	780 	800 	650 	935 	1010 	575 	670 	580 	765 	655 	565 	465 	685 	665 	790 	1315 	850 	650 	750 	820 	1015 	2285 	2230 	3600 	2135 	3560 	2275 	2475 	3745 	3370 	2275 	3400 	2835 	2845 	6375 	18270 	30545 	33685 	8090 
Q,PER,EXT_EU27_2020,T,TOTAL,TOTAL,EU27_2020	38930 	45935 	48030 	57255 	50495 	51765 	48065 	49395 	45270 	47795 	48985 	53705 	48195 	51140 	51445 	60780 	59970 	58670 	55095 	86580 	62405 	68040 	74200 	87155 	77510 	77715 	80025 	105785 	113920 	116525 	132100 	196040 	232195 	227165 	273265 	342865 	287300 	264575 	193030 	188875 	157820 	135065 	125965 	134050 	134280 	124830 	136145 	145580 	142590 	94580 
Q,PER,EXT_EU27_2020,T,TOTAL,TOTAL,EU28	44245 	52130 	54525 	63025 	56845 	58970 	57455 	57545 	52315 	54625 	55460 	60010 	54590 	56625 	57090 	66200 	66030 	63845 	60375 	92060 	69120 	74385 	79615 	91125 	81095 	82420 	88145 	115190 	126640 	124580 	140690 	204745 	240345 	234645 	280865 	350545 	294965 	271020 	199665 	195970 	166170 	142240 	132855 	140635 	141870 	131685 	143115 	152685 	: 	: 
Q,PER,EXT_EU27_2020,T,TOTAL,TOTAL,FI	335 	380 	345 	510 	525 	810 	355 	955 	1340 	1240 	1045 	625 	725 	575 	530 	770 	655 	730 	790 	910 	825 	820 	810 	755 	550 	560 	570 	665 	585 	585 	720 	1065 	2005 	4945 	6690 	7110 	2530 	1870 	1540 	1240 	1205 	1050 	1145 	1040 	1250 	1325 	1175 	1095 	1245 	640 
Q,PER,EXT_EU27_2020,T,TOTAL,TOTAL,FR	8075 	7250 	7915 	8520 	8450 	8385 	8870 	9590 	9295 	9385 	9180 	9750 	9345 	11090 	9780 	12000 	14705 	14435 	14020 	16645 	12975 	15035 	14605 	19100 	16700 	16805 	16235 	18760 	17025 	19425 	19735 	21725 	19880 	21695 	21445 	24465 	23045 	26860 	30425 	30615 	29760 	27880 	27510 	29900 	29070 	28510 	28320 	27995 	23230 	14065 
Q,PER,EXT_EU27_2020,T,TOTAL,TOTAL,HR	: 	: 	: 	: 	: 	: 	: 	: 	: 	: 	: 	: 	: 	: 	: 	: 	15 	40 	45 	40 	100 	25 	40 	25 	45 	45 	80 	65 	40 	35 	70 	45 	35 	50 	95 	100 	135 	110 	110 	125 	100 	105 	95 	135 	65 	55 	75 	125 	80 	90 
Q,PER,EXT_EU27_2020,T,TOTAL,TOTAL,HU	105 	255 	265 	285 	395 	580 	430 	405 	350 	220 	300 	175 	165 	200 	245 	285 	330 	335 	230 	205 	345 	1475 	1510 	1210 	655 	440 	1060 	3290 	1255 	690 	530 	860 	1000 	1030 	875 	2205 	2210 	540 	745 	675 	510 	195 	155 	100 	160 	200 	150 	195 	185 	215 
Q,PER,EXT_EU27_2020,T,TOTAL,TOTAL,IE	900 	855 	930 	935 	905 	780 	765 	680 	505 	425 	375 	290 	395 	340 	355 	280 	260 	240 	225 	215 	215 	230 	170 	230 	240 	235 	295 	295 	285 	220 	235 	255 	395 	420 	750 	565 	115 b	145 	270 	355 	375 	360 	180 	260 	300 	420 	400 	750 	375 	10 
Q,PER,EXT_EU27_2020,T,TOTAL,TOTAL,IS	0 	10 	15 	25 	5 	10 	5 	15 	0 	10 	0 	5 	5 	5 	15 	10 	10 	15 	20 	25 	20 	45 	25 	40 	10 	15 	10 	20 	50 	15 	50 	80 	65 	95 	115 	265 	95 	70 	95 	125 	100 	75 	100 	105 	145 	140 	215 	210 	200 	105 
Q,PER,EXT_EU27_2020,T,TOTAL,TOTAL,IT	3230 	4385 	5560 	7045 	7710 	7150 	4005 	4145 	3255 	2720 	2290 	3010 	3215 	5455 	7185 	8245 	4495 	4335 	2920 	15530 	6710 	6315 	4805 	5735 	7380 	8650 	9405 	9750 	10625 	13760 	19645 	27310 	23145 	24360 	20050 	22320 	18910 	19160 	18590 	21570 	22850 	24775 	24390 	23195 	21620 	26395 	23140 	22330 	16815 	5090 
Q,PER,EXT_EU27_2020,T,TOTAL,TOTAL,LI	5 	0 	5 	0 	5 	5 	20 	45 	50 	30 	5 	0 	5 	15 	15 	10 	10 	10 	20 	10 	10 	5 	10 	15 	5 	5 	0 	0 	10 	0 	10 	5 	20 	10 	20 	25 	10 	5 	10 	20 	10 	10 	15 	10 	5 	5 	10 	10 	5 	: 
Q,PER,EXT_EU27_2020,T,TOTAL,TOTAL,LT	20 	20 	25 	35 	75 	35 	25 	10 	30 	30 	15 	110 	65 	25 	100 	115 	80 	130 	100 	80 	45 	40 	55 	30 	50 	30 	35 	65 	30 	60 	35 	55 	40 	40 	60 	145 	125 	105 	100 	40 	100 	75 	65 	30 	70 	65 	110 	75 	70 	100 
Q,PER,EXT_EU27_2020,T,TOTAL,TOTAL,LU	125 	170 	110 	85 	110 	80 	135 	145 	155 	75 	105 	135 	230 	275 	180 	330 	535 	445 	190 	475 	430 	260 	280 	280 	215 	240 	175 	255 	250 	185 	150 	195 	205 	245 	390 	410 	380 	480 	440 	415 	345 	435 	365 	265 	370 	240 	305 	260 	245 	215 
Q,PER,EXT_EU27_2020,T,TOTAL,TOTAL,LV	5 	0 	5 	0 	15 	0 	10 	15 	15 	15 	5 	15 	15 	20 	15 	40 	65 	30 	30 	25 	35 	25 	10 	25 	25 	30 	15 	25 	20 	45 	75 	30 	65 	50 	75 	70 	130 	120 	85 	30 	20 	45 	30 	30 	30 	40 	25 	55 	30 	30 
Q,PER,EXT_EU27_2020,T,TOTAL,TOTAL,MT	610 	555 	940 	580 	700 	685 	490 	700 	210 	30 	65 	40 	35 	520 	570 	480 	250 	105 	510 	725 	535 	340 	340 	690 	565 	415 	300 	455 	330 	295 	370 	500 	490 	360 	390 	195 	395 	180 	215 	320 	300 	335 	370 	490 	385 	200 	285 	170 	330 	210 
Q,PER,EXT_EU27_2020,T,TOTAL,TOTAL,NL	2360 	3020 	3080 	2465 	3780 	3850 	5155 	4780 	4185 	4605 	4495 	4295 	3905 	3890 	3835 	4150 	4030 	3020 	3265 	3350 	2770 	2675 	2970 	3775 	3250 	3600 	5655 	6290 	5615 	3090 	4035 	7730 	8985 	8430 	7185 	4275 	4495 	4445 	3650 	3350 	2700 	2490 	2345 	2750 	3175 	3470 	2930 	3365 	3085 	2130 
Q,PER,EXT_EU27_2020,T,TOTAL,TOTAL,NO	1540 	2005 	2030 	3410 	3065 	3015 	4005 	4600 	4225 	3775 	3845 	3615 	3050 	2275 	1895 	2330 	3115 	2215 	2520 	2755 	2580 	2665 	2760 	3775 	2110 	1485 	1950 	2095 	2275 	1935 	2170 	3095 	2755 	5700 	5735 	5125 	3055 	1740 	965 	940 	445 	555 	415 	700 	525 	615 	685 	630 	455 	405 
Q,PER,EXT_EU27_2020,T,TOTAL,TOTAL,PL	1340 	1290 	520 	1095 	1695 	1555 	1785 	1545 	1170 	1275 	1080 	895 	750 	860 	815 	790 	695 	500 	595 	685 	610 	660 	960 	665 	670 	595 	540 	890 	920 	965 	970 	655 	600 	620 	615 	645 	835 	745 	435 	585 	845 	650 	570 	435 	600 	470 	425 	500 	625 	565 
Q,PER,EXT_EU27_2020,T,TOTAL,TOTAL,PT	35 	30 	25 	20 	30 	40 	10 	15 	35 	30 	30 	35 	30 	15 	25 	45 	55 	60 	50 	65 	65 	100 	85 	50 	40 	40 	55 	90 	65 	55 	145 	105 	185 	110 	165 	135 	155 	365 	185 	250 	250 	190 	175 	425 	130 	190 	200 	220 	170 	25 
Q,PER,EXT_EU27_2020,T,TOTAL,TOTAL,RO	95 	110 	180 	285 	200 	105 	115 	120 	120 	45 	85 	175 	105 	190 	385 	400 	455 	485 	515 	170 	365 	390 	365 	315 	295 	345 	340 	605 	265 	460 	315 	285 	245 	250 	305 	495 	430 	505 	620 	510 	335 	280 	275 	405 	260 	295 	265 	495 	570 	405 
Q,PER,EXT_EU27_2020,T,TOTAL,TOTAL,SE	6105 	7240 	6365 	9750 	5895 	5370 	5165 	7490 	5850 	6465 	6145 	9185 	5430 	5865 	5310 	7210 	6015 	5760 	5650 	7895 	6965 	9160 	8110 	11715 	10010 	9395 	9810 	10690 	9630 	11590 	12385 	14965 	14075 	19765 	23790 	38150 	11725 	13435 	15105 	20800 	10410 	7935 	5310 	7680 	5380 	5085 	4565 	5695 	5255 	4165 
Q,PER,EXT_EU27_2020,T,TOTAL,TOTAL,SI	60 	35 	25 	35 	35 	35 	30 	25 	20 	25 	25 	45 	30 	70 	50 	55 	30 	50 	60 	65 	60 	55 	45 	35 	15 	30 	20 	25 	30 	30 	15 	55 	50 	65 	70 	80 	75 	75 	50 	40 	75 	75 	50 	35 	45 	50 	50 	70 	95 	85 
Q,PER,EXT_EU27_2020,T,TOTAL,TOTAL,SK	110 	70 	95 	95 	45 	125 	75 	70 	75 	70 	75 	75 	45 	70 	40 	60 	100 	55 	110 	180 	50 	50 	50 	45 	70 	90 	55 	65 	40 	50 	20 	20 	165 	20 	35 	30 	40 	20 	10 	25 	10 	25 	15 	35 	25 	20 	20 	20 	15 	20 
Q,PER,EXT_EU27_2020,T,TOTAL,TOTAL,TOTAL	47365 	56280 	58420 	68430 	61840 	64335 	64580 	65520 	60850 	63265 	62555 	66315 	60790 	62125 	63175 	72295 	73850 	70330 	66745 	98730 	75700 	81620 	86235 	99245 	89055 	89450 	95105 	122745 	134875 	132035 	147935 	213345 	249350 	246465 	291785 	361315 	302495 	276790 	204675 	201020 	170810 	147355 	137735 	145540 	145155 	135460 	147300 	156950 	153770 	101315 d
Q,PER,EXT_EU27_2020,T,TOTAL,TOTAL,UK	5315 	6200 	6495 	5770 	6350 	7205 	9385 	8150 	7050 	6835 	6475 	6305 	6400 	5485 	5645 	5425 	6065 	5175 	5280 	5480 	6715 	6345 	5415 	3970 	3590 	4705 	8115 	9410 	12720 	8055 	8590 	8705 	8155 	7480 	7600 	7680 	7670 	6445 	6635 	7095 	8345 	7175 	6890 	6590 	7590 	6855 	6975 	7105 	7205 	3630 
Q,PER,EXT_EU28,T,TOTAL,TOTAL,AT	3470 	3070 	2725 	3390 	3780 	3605 	3615 	3815 	3735 	3495 	3385 	3155 	3240 	2925 	3380 	3695 	4005 	3520 	3990 	4375 	4230 	4405 	4455 	3525 	695 	1945 	2375 	4390 	4315 	5325 	5085 	6375 	7745 	10790 	10530 	13350 	10955 	10655 	11540 	12010 	11195 	9925 	7325 	6075 	4905 	3335 	3015 	2635 	: 	: 
Q,PER,EXT_EU28,T,TOTAL,TOTAL,BE	3030 	3550 	2765 	3610 	3335 	3535 	3635 	3865 	3710 	3520 	4030 	4965 	4890 	3905 	4380 	6635 	6500 	6310 	5720 	5970 	5750 	5270 	4720 	5655 	5085 	4715 	4825 	5715 	5040 	4700 	4415 	5265 	6205 	6920 	5735 	6100 	6185 	6245 	5730 	5890 	5385 	5900 	3740 	3990 	4250 	3845 	3680 	5395 	: 	: 
Q,PER,EXT_EU28,T,TOTAL,TOTAL,BG	155 	220 	235 	60 	125 	150 	220 	150 	140 	120 	125 	135 	115 	115 	105 	270 	155 	170 	175 	140 	255 	340 	670 	1545 	2865 	1445 	1005 	2120 	1195 	2160 	2000 	820 	380 	435 	865 	1365 	1360 	1955 	900 	525 	410 	390 	535 	770 	160 	420 	330 	340 	: 	: 
Q,PER,EXT_EU28,T,TOTAL,TOTAL,CH	1575 	2130 	1845 	1970 	1920 	2335 	3100 	3315 	4260 	4830 	3245 	2685 	3135 	3205 	4165 	3740 	4685 	4245 	3815 	3885 	3970 	4525 	3820 	4285 	5830 	5530 	5000 	5440 	5895 	5505 	5020 	5420 	6160 	6015 	5055 	5350 	4365 	3960 	3940 	3960 	4085 	4480 	4350 	4085 	2605 	3020 	3275 	3415 	: 	: 
Q,PER,EXT_EU28,T,TOTAL,TOTAL,CY	0 	0 	0 	0 	755 	1250 	1175 	670 	680 	615 	535 	610 	495 	1030 	665 	435 	425 	275 	370 	265 	170 	215 	175 	235 	215 	270 	410 	405 	485 	390 	705 	485 	600 	510 	330 	535 	475 	790 	645 	540 	510 	380 	800 	790 	615 	640 	1090 	930 	: 	: 
Q,PER,EXT_EU28,T,TOTAL,TOTAL,CZ	550 	385 	245 	215 	180 	140 	110 	100 	120 	115 	120 	145 	210 	180 	160 	140 	220 	165 	160 	170 	165 	185 	230 	320 	175 	280 	225 	320 	300 	405 	300 	330 	375 	405 	280 	240 	300 	290 	330 	270 	375 	310 	320 	375 	355 	355 	385 	295 	: 	: 
Q,PER,EXT_EU28,T,TOTAL,TOTAL,DE	5600 	4215 	4725 	4705 	6140 	6865 	7290 	6470 	8115 	10600 	13040 	13550 	11785 	9480 	8915 	10100 	11555 	12360 	12080 	22610 	13685 	15155 	22655 	24670 	21205 	19750 	20655 	35670 	48535 	45960 	54255 	100530 	138650 	117830 	163320 	211285 	191770 	165045 	90935 	76440 	58885 	40415 	37510 	42300 	49110 	34720 	37995 	32350 	: 	: 
Q,PER,EXT_EU28,T,TOTAL,TOTAL,DK	250 	425 	335 	235 	170 	225 	405 	850 	650 	855 	875 	900 	825 	975 	815 	945 	870 	875 	1175 	1760 	1520 	1235 	1705 	2505 	1640 	1920 	2370 	2125 	3815 	2905 	2520 	3055 	2205 	3150 	2490 	2565 	2480 	2360 	1100 	935 	605 	485 	670 	865 	765 	765 	655 	840 	: 	: 
Q,PER,EXT_EU28,T,TOTAL,TOTAL,EE	5 	5 	0 	0 	10 	0 	5 	10 	15 	10 	10 	5 	10 	10 	30 	5 	10 	20 	20 	5 	10 	15 	20 	10 	10 	15 	15 	15 	20 	35 	50 	70 	45 	55 	50 	45 	55 	45 	25 	25 	25 	30 	10 	15 	25 	20 	15 	30 	: 	: 
Q,PER,EXT_EU28,T,TOTAL,TOTAL,EL	880 	7525 	9325 	11850 	4140 	5270 	3125 	1815 	1000 	1145 	710 	600 	1345 	2400 	2635 	2290 	2880 	3545 	1525 	3240 	2855 	3000 	3895 	3335 	4180 	5050 	2185 	1890 	2550 	2355 	2500 	2235 	2140 	2380 	3090 	3845 	4430 	5760 	6780 	7545 	6860 	8055 	8605 	8820 	8310 	7315 	8275 	8800 	: 	: 
Q,PER,EXT_EU28,T,TOTAL,TOTAL,ES	1490 	880 	1300 	1460 	1310 	1145 	1075 	955 	490 	670 	840 	780 	800 	650 	935 	1010 	575 	670 	580 	765 	655 	565 	465 	685 	665 	790 	1315 	850 	650 	750 	820 	1015 	2285 	2230 	3600 	2135 	3560 	2275 	2475 	3745 	3370 	2275 	3400 	2835 	2845 	6375 	18270 	30545 	: 	: 
Q,PER,EXT_EU28,T,TOTAL,TOTAL,EU27_2020	38930 d	45935 d	48030 d	57255 d	50495 d	51765 d	48065 d	49395 d	45270 d	47795 d	48985 d	53705 d	48195 d	51135 d	51445 d	60780 d	59970 	58670 	55095 	86580 	62405 	68040 	74200 	87150 	77510 	77715 	80025 	105785 	113920 	116525 	132100 	196040 	232195 	227165 	273260 	342865 	287300 	264575 	193025 	188875 	157820 	135065 	125965 	134045 	134280 	124830 	136140 	145575 	: 	: 
Q,PER,EXT_EU28,T,TOTAL,TOTAL,EU28	44245 d	52130 d	54525 d	63025 d	56845 d	58970 d	57455 d	57545 d	52315 d	54625 d	55460 d	60010 d	54590 	56625 	57090 	66200 	66030 	63845 	60375 	92060 	69120 	74380 	79615 	91120 	81095 	82420 	88145 	115190 	126640 	124580 	140690 	204745 	240345 	234645 	280860 	350545 	294965 	271020 	199655 	195970 	166170 	142240 	132855 	140635 	141870 	131680 	143115 	152680 	: 	: 
Q,PER,EXT_EU28,T,TOTAL,TOTAL,FI	335 	380 	345 	510 	525 	810 	355 	955 	1340 	1240 	1045 	625 	725 	575 	530 	770 	655 	730 	790 	910 	825 	820 	810 	755 	550 	560 	570 	665 	585 	585 	720 	1065 	2005 	4945 	6690 	7110 	2530 	1870 	1540 	1240 	1205 	1050 	1145 	1040 	1250 	1325 	1175 	1095 	: 	: 
Q,PER,EXT_EU28,T,TOTAL,TOTAL,FR	8075 	7250 	7915 	8520 	8450 	8385 	8870 	9590 	9295 	9385 	9180 	9750 	9345 	11090 	9780 	12000 	14705 	14435 	14020 	16645 	12975 	15035 	14605 	19100 	16700 	16805 	16235 	18760 	17025 	19425 	19735 	21725 	19880 	21695 	21445 	24465 	23045 	26860 	30425 	30615 	29760 	27880 	27510 	29900 	29070 	28510 	28320 	27995 	: 	: 
Q,PER,EXT_EU28,T,TOTAL,TOTAL,HR	: 	: 	: 	: 	: 	: 	: 	: 	: 	: 	: 	: 	: 	: 	: 	: 	15 	40 	45 	40 	100 	25 	40 	25 	45 	45 	80 	65 	40 	35 	70 	45 	35 	50 	95 	100 	135 	110 	110 	125 	100 	105 	95 	135 	65 	55 	75 	125 	: 	: 
Q,PER,EXT_EU28,T,TOTAL,TOTAL,HU	105 	255 	265 	285 	395 	580 	430 	405 	350 	220 	300 	175 	165 	200 	245 	285 	330 	335 	230 	205 	345 	1475 	1510 	1210 	655 	440 	1060 	3290 	1255 	690 	530 	860 	1000 	1030 	875 	2205 	2210 	540 	745 	675 	510 	195 	155 	100 	160 	200 	150 	195 	: 	: 
Q,PER,EXT_EU28,T,TOTAL,TOTAL,IE	900 	855 	930 	935 	905 	780 	765 	680 	505 	425 	375 	290 	395 	340 	355 	280 	260 	240 	225 	215 	215 	230 	170 	230 	240 	235 	295 	295 	285 	220 	235 	255 	395 	420 	750 	565 	115 b	145 	270 	355 	375 	360 	180 	260 	300 	420 	400 	750 	: 	: 
Q,PER,EXT_EU28,T,TOTAL,TOTAL,IS	0 	10 	15 	25 	5 	10 	5 	15 	0 	10 	0 	5 	5 	5 	15 	10 	10 	15 	20 	25 	20 	45 	25 	40 	10 	15 	10 	20 	50 	15 	50 	80 	65 	95 	115 	265 	95 	70 	95 	125 	100 	75 	100 	105 	145 	140 	215 	210 	: 	: 
Q,PER,EXT_EU28,T,TOTAL,TOTAL,IT	3230 	4385 	5560 	7045 	7710 	7150 	4005 	4145 	3255 	2720 	2290 	3010 	3215 	5455 	7185 	8245 	4495 	4335 	2920 	15530 	6710 	6315 	4805 	5735 	7380 	8650 	9405 	9750 	10625 	13760 	19645 	27310 	23145 	24360 	20050 	22320 	18910 	19160 	18590 	21570 	22850 	24775 	24390 	23195 	21620 	26395 	23140 	22330 	: 	: 
Q,PER,EXT_EU28,T,TOTAL,TOTAL,LI	5 	0 	5 	0 	5 	5 	20 	45 	50 	30 	5 	0 	5 	15 	15 	10 	10 	10 	20 	10 	10 	5 	10 	15 	5 	5 	0 	0 	10 	0 	10 	5 	20 	10 	20 	25 	10 	5 	10 	20 	10 	10 	15 	10 	5 	5 	10 	10 	: 	: 
Q,PER,EXT_EU28,T,TOTAL,TOTAL,LT	20 	20 	25 	35 	75 	35 	25 	10 	30 	30 	15 	110 	65 	25 	100 	115 	80 	130 	100 	80 	45 	40 	55 	30 	50 	30 	35 	65 	30 	60 	35 	55 	40 	40 	60 	145 	125 	105 	100 	40 	100 	75 	65 	30 	70 	65 	110 	75 	: 	: 
Q,PER,EXT_EU28,T,TOTAL,TOTAL,LU	125 	170 	110 	85 	110 	80 	135 	145 	155 	75 	105 	135 	230 	275 	180 	330 	535 	445 	190 	475 	430 	260 	280 	280 	215 	240 	175 	255 	250 	185 	150 	195 	205 	245 	390 	410 	380 	480 	440 	415 	345 	435 	365 	265 	370 	240 	305 	260 	: 	: 
Q,PER,EXT_EU28,T,TOTAL,TOTAL,LV	5 	0 	5 	0 	15 	0 	10 	15 	15 	15 	5 	15 	15 	20 	15 	40 	65 	30 	30 	25 	35 	25 	10 	25 	25 	30 	15 	25 	20 	45 	75 	30 	65 	50 	75 	70 	130 	120 	85 	30 	20 	45 	30 	30 	30 	40 	25 	55 	: 	: 
Q,PER,EXT_EU28,T,TOTAL,TOTAL,MT	610 	555 	940 	580 	700 	685 	490 	700 	210 	30 	65 	40 	35 	520 	570 	480 	250 	105 	510 	725 	535 	340 	340 	690 	565 	415 	300 	455 	330 	295 	370 	500 	490 	360 	390 	195 	395 	180 	215 	320 	300 	335 	370 	490 	385 	200 	285 	170 	: 	: 
Q,PER,EXT_EU28,T,TOTAL,TOTAL,NL	2360 	3020 	3080 	2465 	3780 	3850 	5155 	4780 	4185 	4605 	4495 	4295 	3905 	3890 	3835 	4150 	4030 	3020 	3265 	3350 	2770 	2675 	2970 	3775 	3250 	3600 	5655 	6290 	5615 	3090 	4035 	7730 	8985 	8430 	7185 	4275 	4495 	4445 	3650 	3350 	2700 	2490 	2345 	2750 	3175 	3470 	2925 	3365 	: 	: 
Q,PER,EXT_EU28,T,TOTAL,TOTAL,NO	1540 	2005 	2030 	3405 	3065 	3015 	4005 	4600 	4225 	3775 	3845 	3615 	3050 	2275 	1895 	2330 	3115 	2215 	2520 	2755 	2580 	2665 	2760 	3775 	2110 	1485 	1950 	2095 	2275 	1935 	2165 	3095 	2755 	5695 	5735 	5125 	3055 	1740 	965 	940 	445 	555 	415 	700 	525 	610 	685 	630 	: 	: 
Q,PER,EXT_EU28,T,TOTAL,TOTAL,PL	1340 	1290 	520 	1095 	1695 	1555 	1785 	1545 	1170 	1275 	1080 	895 	750 	860 	815 	790 	695 	500 	595 	685 	610 	660 	960 	665 	670 	595 	540 	890 	920 	965 	970 	655 	600 	620 	615 	645 	835 	745 	435 	585 	845 	650 	570 	435 	600 	470 	425 	500 	: 	: 
Q,PER,EXT_EU28,T,TOTAL,TOTAL,PT	35 	30 	25 	20 	30 	40 	10 	15 	35 	30 	30 	35 	30 	15 	25 	45 	55 	60 	50 	65 	65 	100 	85 	50 	40 	40 	55 	90 	65 	55 	145 	105 	185 	110 	165 	135 	155 	365 	185 	250 	250 	190 	175 	425 	130 	190 	200 	220 	: 	: 
Q,PER,EXT_EU28,T,TOTAL,TOTAL,RO	95 	110 	180 	285 	200 	105 	115 	120 	120 	45 	85 	175 	105 	190 	385 	400 	455 	485 	515 	170 	365 	390 	365 	315 	295 	345 	340 	605 	265 	460 	315 	285 	245 	250 	305 	495 	430 	505 	620 	510 	335 	280 	275 	405 	260 	295 	265 	495 	: 	: 
Q,PER,EXT_EU28,T,TOTAL,TOTAL,SE	6105 	7240 	6365 	9750 	5895 	5370 	5165 	7490 	5850 	6465 	6145 	9180 	5430 	5865 	5310 	7210 	6015 	5760 	5650 	7895 	6965 	9160 	8110 	11710 	10010 	9395 	9810 	10690 	9630 	11590 	12385 	14965 	14070 	19765 	23785 	38150 	11725 	13435 	15105 	20800 	10410 	7935 	5310 	7675 	5380 	5085 	4565 	5695 	: 	: 
Q,PER,EXT_EU28,T,TOTAL,TOTAL,SI	60 	35 	25 	35 	35 	35 	30 	25 	20 	25 	25 	45 	30 	70 	50 	55 	30 	50 	60 	65 	60 	55 	45 	35 	15 	30 	20 	25 	30 	30 	15 	55 	50 	65 	70 	80 	75 	75 	50 	40 	75 	75 	50 	35 	45 	50 	50 	70 	: 	: 
Q,PER,EXT_EU28,T,TOTAL,TOTAL,SK	110 	70 	95 	95 	45 	125 	75 	70 	75 	70 	75 	75 	45 	70 	40 	60 	100 	55 	110 	180 	50 	50 	50 	45 	70 	90 	55 	65 	40 	50 	20 	20 	165 	20 	35 	30 	40 	20 	10 	25 	10 	25 	15 	35 	25 	20 	20 	20 	: 	: 
Q,PER,EXT_EU28,T,TOTAL,TOTAL,TOTAL	47365 d	56280 d	58415 d	68425 d	61840 d	64335 d	64580 d	65520 d	60850 d	63265 d	62555 d	66315 d	60785 	62125 	63175 	72295 	73850 	70325 	66745 	98730 	75695 	81620 	86235 	99240 	89055 	89450 	95105 	122745 	134875 	132035 	147935 	213345 	249345 	246460 	291780 	361310 	302495 	276790 	204665 	201015 	170810 	147355 	137735 	145535 	145155 	135455 	147300 	156945 	: 	: 
Q,PER,EXT_EU28,T,TOTAL,TOTAL,UK	5315 	6200 	6495 	5770 	6350 	7205 	9385 	8150 	7050 	6835 	6475 	6305 	6400 	5485 	5645 	5425 	6065 	5175 	5280 	5480 	6715 	6345 	5415 	3970 	3590 	4705 	8115 	9410 	12720 	8055 	8590 	8705 	8155 	7480 	7600 	7680 	7670 	6445 	6635 	7095 	8345 	7175 	6890 	6590 	7590 	6855 	6975 	7105 	: 	: 
Q,PER,TOTAL,T,TOTAL,TOTAL,AT	3480 	3085 	2735 	3395 	3785 	3620 	3620 	3820 	3740 	3495 	3385 	3160 	3245 	2930 	3385 	3710 	4010 	3520 	3995 	4380 	4240 	4410 	4460 	3525 	695 	1945 	2375 	4390 	4315 	5325 	5085 	6375 	7750 	10790 	10530 	13350 	10955 	10655 	11540 	12010 	11195 	9925 	7325 	6075 	4905 	3340 	3015 	2635 	2655 	2040 
Q,PER,TOTAL,T,TOTAL,TOTAL,BE	3185 	3735 	2915 	3785 	3460 	3680 	3835 	4335 	3860 	3670 	4100 	5040 	4935 	3930 	4455 	6710 	6520 	6370 	5760 	5985 	5770 	5295 	4740 	5700 	5100 	4725 	4850 	5740 	5055 	4705 	4425 	5270 	6235 	6925 	5740 	6110 	6195 	6250 	5735 	5890 	5395 	5910 	3745 	4000 	4255 	3850 	3685 	5405 	4890 	3900 
Q,PER,TOTAL,T,TOTAL,TOTAL,BG	155 	220 	235 	60 	125 	150 	220 	150 	140 	120 	125 	135 	115 	115 	105 	270 	155 	170 	175 	140 	255 	340 	670 	1545 	2865 	1445 	1005 	2120 	1195 	2160 	2000 	820 	380 	435 	865 	1365 	1360 	1955 	900 	525 	410 	390 	535 	770 	160 	420 	330 	340 	305 	205 
Q,PER,TOTAL,T,TOTAL,TOTAL,CH	1580 	2135 	1865 	1975 	1925 	2340 	3105 	3325 	4280 	4855 	3265 	2695 	3145 	3210 	4180 	3755 	4735 	4290 	3830 	3920 	3990 	4545 	3845 	4305 	5850 	5545 	5015 	5450 	5900 	5510 	5025 	5425 	6165 	6020 	5060 	5355 	4370 	3965 	3945 	3970 	4095 	4490 	4355 	4090 	2610 	3020 	3285 	3420 	3320 	2590 
Q,PER,TOTAL,T,TOTAL,TOTAL,CY	0 	0 	0 	0 	755 	1250 	1175 	670 	680 	615 	535 	610 	495 	1030 	665 	435 	425 	275 	370 	265 	170 	215 	175 	235 	215 	270 	410 	405 	485 	390 	705 	485 	600 	510 	330 	535 	475 	790 	645 	540 	510 	380 	800 	790 	615 	640 	1090 	930 	1160 	205 
Q,PER,TOTAL,T,TOTAL,TOTAL,CZ	555 	385 	245 	215 	180 	140 	110 	105 	120 	120 	120 	145 	210 	180 	160 	140 	230 	170 	160 	175 	170 	190 	230 	325 	180 	280 	225 	320 	300 	410 	300 	335 	380 	405 	280 	245 	300 	290 	330 	270 	380 	310 	325 	380 	360 	360 	385 	295 	290 	255 
Q,PER,TOTAL,T,TOTAL,TOTAL,DE	5630 	4255 	4740 	4710 	6150 	6900 	7310 	6495 	8130 	10620 	13065 	13585 	11810 	9490 	8935 	10130 	11600 	12385 	12115 	22665 	13740 	15205 	22725 	24695 	21250 	19785 	20680 	35700 	48560 	45970 	54270 	100550 	138675 	117840 	163340 	211325 	191805 	165095 	90980 	76465 	58920 	40445 	37525 	42315 	49140 	34740 	38015 	32365 	35505 	33260 
Q,PER,TOTAL,T,TOTAL,TOTAL,DK	255 	425 	335 	235 	175 	225 	405 	865 	655 	860 	880 	905 	840 	985 	820 	955 	870 	880 	1180 	1765 	1525 	1245 	1720 	2515 	1650 	1935 	2375 	2130 	3830 	2910 	2525 	3070 	2215 	3155 	2495 	2570 	2485 	2365 	1105 	940 	610 	485 	675 	875 	785 	770 	665 	845 	465 	280 
Q,PER,TOTAL,T,TOTAL,TOTAL,EE	5 	5 	0 	0 	10 	0 	5 	10 	15 	10 	10 	5 	10 	10 	30 	5 	10 	20 	20 	5 	10 	15 	20 	10 	10 	15 	15 	15 	20 	35 	50 	70 	45 	55 	50 	45 	55 	45 	25 	25 	25 	30 	10 	15 	25 	20 	15 	30 	25 	15 
Q,PER,TOTAL,T,TOTAL,TOTAL,EL	880 	7525 	9325 	11850 	4140 	5270 	3130 	1815 	1000 	1145 	710 	600 	1345 	2400 	2635 	2290 	2880 	3545 	1525 	3240 	2855 	3000 	3895 	3335 	4180 	5050 	2185 	1890 	2550 	2355 	2500 	2235 	2140 	2380 	3090 	3845 	4430 	5760 	6780 	7545 	6865 	8055 	8605 	8820 	8310 	7315 	8275 	8800 	11215 	18275 
Q,PER,TOTAL,T,TOTAL,TOTAL,ES	1490 	880 	1300 	1460 	1310 	1145 	1075 	960 	495 	670 	840 	780 	800 	650 	935 	1015 	575 	670 	585 	770 	655 	570 	465 	685 	665 	790 	1315 	850 	650 	755 	820 	1020 	2285 	2230 	3600 	2135 	3560 	2275 	2475 	3750 	3380 	2275 	3405 	2840 	2845 	6375 	18270 	30545 	33685 	8090 
Q,PER,TOTAL,T,TOTAL,TOTAL,EU27_2020	39180 d	46245 d	48290 d	57475 d	50675 d	52000 d	48445 d	50125 d	45765 d	48260 d	49205 d	53870 d	48355 d	51235 d	51590 d	60950 d	60075 	58810 	55210 	86710 	62545 	68180 	74340 	87290 	77620 	77810 	80125 	105880 	114010 	116575 	132165 	196110 	232285 	227210 	273315 	342940 	287380 	264665 	193090 	188915 	157895 	135125 	126000 	134090 	134350 	124880 	136200 	145655 	142650 	94610 
Q,PER,TOTAL,T,TOTAL,TOTAL,EU28	44505 d	52450 d	54785 d	63245 d	57025 d	59205 d	57835 d	58280 d	52825 d	55100 d	55685 d	60185 d	54765 	56725 	57235 	66380 	66140 	63990 	60495 	92225 	69300 	74555 	79800 	91275 	81250 	82535 	88305 	115345 	126775 	124675 	140805 	204865 	240465 	234725 	280940 	350640 	295075 	271130 	199745 	196035 	166265 	142320 	132915 	140700 	141960 	131755 	143195 	152780 	: 	: 
Q,PER,TOTAL,T,TOTAL,TOTAL,FI	345 	425 	390 	515 	525 	825 	470 	1140 	1610 	1500 	1130 	640 	735 	590 	540 	780 	655 	740 	800 	915 	825 	820 	815 	760 	550 	565 	570 	665 	585 	585 	720 	1065 	2015 	4945 	6690 	7115 	2535 	1880 	1540 	1240 	1205 	1055 	1145 	1040 	1250 	1325 	1175 	1095 	1250 	645 
Q,PER,TOTAL,T,TOTAL,TOTAL,FR	8075 	7250 	7915 	8525 	8450 	8385 	8870 	9590 	9295 	9385 	9180 	9750 	9345 	11090 	9785 	12000 	14705 	14445 	14025 	16650 	12975 	15035 	14605 	19100 	16700 	16805 	16235 	18760 	17025 	19425 	19735 	21725 	19880 	21695 	21445 	24465 	23045 	26860 	30425 	30615 	29760 	27880 	27510 	29900 	29070 	28510 	28320 	27995 	23230 	14065 
Q,PER,TOTAL,T,TOTAL,TOTAL,HR	: 	: 	: 	: 	: 	: 	: 	: 	: 	: 	: 	: 	: 	: 	: 	: 	15 	40 	45 	40 	100 	25 	40 	25 	45 	45 	80 	65 	40 	35 	75 	45 	35 	50 	95 	100 	135 	110 	110 	125 	100 	105 	95 	135 	65 	55 	75 	125 	80 	90 
Q,PER,TOTAL,T,TOTAL,TOTAL,HU	105 	255 	265 	285 	395 	580 	430 	405 	350 	220 	300 	175 	165 	200 	245 	285 	330 	335 	230 	205 	345 	1475 	1510 	1210 	655 	440 	1060 	3290 	1255 	690 	530 	860 	1000 	1030 	875 	2205 	2210 	540 	745 	675 	510 	195 	155 	100 	160 	200 	150 	195 	185 	215 
Q,PER,TOTAL,T,TOTAL,TOTAL,IE	900 	855 	935 	940 	905 	780 	765 	680 	510 	425 	375 	290 	395 	340 	355 	280 	260 	240 	225 	215 	215 	230 	170 	230 	240 	235 	295 	295 	285 	220 	235 	255 	395 	420 	750 	565 	115 b	145 	270 	355 	375 	360 	180 	260 	300 	420 	400 	750 	375 	10 
Q,PER,TOTAL,T,TOTAL,TOTAL,IS	0 	10 	15 	25 	5 	10 	5 	15 	0 	10 	0 	5 	5 	5 	15 	15 	10 	15 	20 	25 	45 	65 	25 	40 	10 	15 	10 	20 	50 	15 	50 	80 	65 	95 	115 	265 	95 	70 	95 	125 	100 	75 	100 	105 	145 	140 	215 	210 	200 	105 
Q,PER,TOTAL,T,TOTAL,TOTAL,IT	3230 	4385 	5560 	7045 	7710 	7155 	4005 	4145 	3285 	2720 	2305 	3020 	3245 	5460 	7200 	8265 	4500 	4335 	2920 	15535 	6710 	6315 	4805 	5735 	7380 	8650 	9405 	9750 	10625 	13760 	19645 	27310 	23145 	24360 	20050 	22320 	18910 	19160 	18590 	21570 	22850 	24775 	24390 	23195 	21620 	26395 	23140 	22340 	16815 	5090 
Q,PER,TOTAL,T,TOTAL,TOTAL,LI	5 	5 	5 	5 	10 	10 	20 	45 	55 	30 	5 	0 	5 	15 	15 	15 	10 	10 	20 	10 	10 	10 	20 	20 	5 	5 	0 	0 	10 	0 	10 	10 	25 	10 	20 	25 	10 	5 	10 	20 	10 	10 	15 	10 	10 	5 	10 	10 	5 	: 
Q,PER,TOTAL,T,TOTAL,TOTAL,LT	20 	20 	25 	35 	75 	35 	25 	10 	30 	30 	15 	110 	65 	25 	100 	115 	80 	130 	100 	80 	45 	40 	55 	30 	50 	30 	35 	65 	30 	60 	35 	55 	40 	40 	60 	145 	125 	105 	100 	40 	100 	75 	65 	30 	70 	65 	110 	75 	70 	100 
Q,PER,TOTAL,T,TOTAL,TOTAL,LU	125 	170 	110 	85 	110 	80 	140 	145 	155 	75 	105 	140 	230 	275 	180 	335 	535 	445 	190 	475 	430 	260 	280 	280 	215 	240 	175 	255 	250 	185 	150 	195 	205 	245 	390 	410 	380 	485 	440 	415 	345 	435 	365 	265 	375 	240 	305 	260 	245 	215 
Q,PER,TOTAL,T,TOTAL,TOTAL,LV	5 	0 	5 	0 	15 	0 	10 	15 	15 	15 	5 	15 	15 	20 	15 	40 	65 	30 	30 	25 	35 	25 	10 	25 	25 	30 	15 	25 	20 	45 	75 	30 	65 	50 	75 	70 	130 	120 	85 	30 	20 	45 	30 	30 	30 	40 	25 	55 	30 	30 
Q,PER,TOTAL,T,TOTAL,TOTAL,MT	610 	555 	940 	580 	700 	685 	490 	700 	210 	30 	65 	40 	35 	520 	570 	480 	250 	105 	510 	725 	535 	340 	340 	690 	565 	415 	300 	455 	330 	295 	370 	500 	490 	360 	390 	195 	395 	180 	215 	320 	300 	335 	370 	490 	385 	200 	285 	170 	330 	210 
Q,PER,TOTAL,T,TOTAL,TOTAL,NL	2360 	3020 	3080 	2465 	3780 	3850 	5155 	4780 	4185 	4605 	4495 	4295 	3910 	3895 	3835 	4155 	4035 p	3020 p	3265 p	3350 p	2780 	2680 	2975 	3780 	3255 	3610 	5655 	6295 	5615 	3090 	4035 	7730 	8985 	8430 	7185 	4275 	4495 	4445 	3650 	3350 	2700 	2490 	2345 	2750 	3185 	3475 	2935 	3380 	3105 	2135 
Q,PER,TOTAL,T,TOTAL,TOTAL,NO	1550 	2010 	2035 	3415 	3070 	3050 	4025 	4615 	4230 	3785 	3865 	3630 	3055 	2280 	1910 	2345 	3135 	2250 	2540 	2770 	2590 	2670 	2775 	3800 	2130 	1490 	1955 	2105 	2295 	1945 	2175 	3100 	2760 	5710 	5745 	5135 	3060 	1760 	965 	950 	450 	555 	420 	705 	535 	615 	695 	645 	465 	405 
Q,PER,TOTAL,T,TOTAL,TOTAL,PL	1340 	1290 	525 	1095 	1695 	1560 	1785 	1545 	1170 	1275 	1080 	895 	750 	860 	815 	790 	695 	500 	595 	690 	610 	660 	960 	665 	670 	595 	540 	890 	920 	965 	970 	655 	600 	620 	615 	645 	835 	745 	435 	585 	845 	650 	570 	435 	600 	470 	425 	500 	625 	565 
Q,PER,TOTAL,T,TOTAL,TOTAL,PT	35 	30 	25 	20 	30 	40 	10 	15 	35 	30 	30 	35 	30 	15 	25 	45 	55 	60 	50 	65 	65 	100 	85 	50 	40 	40 	55 	90 	65 	55 	145 	105 	185 	115 	165 	135 	155 	365 	185 	250 	250 	190 	175 	425 	130 	190 	205 	220 	170 	25 
Q,PER,TOTAL,T,TOTAL,TOTAL,RO	95 	110 	180 	285 	205 	105 	115 	120 	120 	45 	85 	175 	105 	190 	385 	400 	455 	485 	515 	175 	365 	390 	365 	315 	295 	345 	340 	605 	265 	460 	315 	285 	245 	250 	305 	495 	430 	505 	620 	510 	335 	280 	275 	405 	260 	295 	265 	495 	570 	405 
Q,PER,TOTAL,T,TOTAL,TOTAL,SE	6140 	7260 	6390 	9755 	5905 	5380 	5190 	7510 	5860 	6485 	6165 	9205 	5455 	5890 	5325 	7220 	6030 	5780 	5660 	7915 	7005 	9180 	8135 	11745 	10035 	9410 	9850 	10725 	9660 	11620 	12415 	14995 	14085 	19780 	23805 	38170 	11750 	13445 	15110 	20810 	10420 	7950 	5315 	7685 	5385 	5095 	4570 	5710 	5265 	4170 
Q,PER,TOTAL,T,TOTAL,TOTAL,SI	60 	35 	25 	35 	45 	35 	30 	25 	20 	25 	25 	45 	35 	70 	55 	55 	30 	55 	60 	75 	60 	55 	45 	35 	15 	30 	20 	25 	30 	30 	15 	55 	50 	65 	70 	80 	75 	75 	50 	40 	75 	75 	50 	35 	45 	50 	50 	70 	95 	85 
Q,PER,TOTAL,T,TOTAL,TOTAL,SK	110 	70 	95 	95 	45 	125 	75 	75 	75 	70 	75 	75 	45 	75 	40 	60 	100 	55 	110 	180 	50 	50 	50 	45 	70 	90 	55 	65 	40 	50 	25 	20 	165 	20 	35 	30 	40 	20 	10 	25 	10 	25 	15 	35 	30 	20 	20 	20 	15 	20 
Q,PER,TOTAL,T,TOTAL,TOTAL,TOTAL	47640 d	56610 d	58710 d	68665 d	62030 d	64615 d	64990 d	66280 d	61385 d	63775 d	62820 d	66515 d	60975 	62240 	63355 	72505 	74035 	70555 	66905 	98945 	75930 	81845 	86465 	99445 	89245 	89590 	95285 	122920 	135030 	132150 	148060 	213475 	249475 	246560 	291880 	361425 	302610 	276925 	204760 	201100 	170920 	147450 	137805 	145605 	145255 	135530 	147400 	157065 	153850 	101355 d
Q,PER,TOTAL,T,TOTAL,TOTAL,UK	5320 	6205 	6495 	5775 	6350 	7205 	9390 	8155 	7065 	6835 	6480 	6310 	6410 	5485 	5645 	5430 	6070 	5180 	5285 	5515 	6750 	6370 	5460 	3985 	3630 	4730 	8180 	9465 	12770 	8100 	8640 	8755 	8180 	7515 	7630 	7700 	7695 	6465 	6655 	7120 	8370 	7195 	6915 	6605 	7605 	6870 	6995 	7125 	7210 	3635 
Q,PER,EXT_EU27_2020,T,TOTAL,TOTAL_POS,AT	965 	895 	865 	730 	745 	835 	815 	825 	780 	860 	935 	870 	1035 	905 	1080 	1065 	1085 	1035 	1120 	1215 	1185 	1250 	1195 	1290 	545 	1515 	1830 	3280 	2660 	3690 	3755 	4935 	5990 	7635 	7325 	9420 	7305 	6395 	6300 	5200 	4550 	3970 	3450 	3050 	2360 	1820 	1735 	1505 	1565 	1370 
Q,PER,EXT_EU27_2020,T,TOTAL,TOTAL_POS,BE	715 	1060 	860 	870 	700 	685 	655 	870 	875 	660 	925 	1050 	1080 	1125 	1400 	1470 	1085 	1310 	1325 	1830 	1650 	1540 	1630 	1460 	1660 	1760 	2020 	2610 	2495 	2455 	2380 	3145 	3980 	4385 	3390 	3295 	3140 	3345 	2860 	3240 	2560 	3385 	1740 	1990 	1850 	1600 	1350 	1730 	1440 	1735 
Q,PER,EXT_EU27_2020,T,TOTAL,TOTAL_POS,BG	65 	105 	105 	20 	55 	60 	85 	65 	35 	35 	40 	25 	35 	55 	45 	55 	40 	65 	40 	30 	165 	240 	575 	1475 	2795 	1345 	880 	1985 	1095 	1925 	1830 	745 	265 	230 	360 	495 	615 	425 	445 	210 	195 	225 	175 	140 	80 	75 	110 	135 	210 	100 
Q,PER,EXT_EU27_2020,T,TOTAL,TOTAL_POS,CH	1070 	1450 	1160 	1145 	1070 	1290 	1665 	2000 	2785 	2310 	1570 	1150 	1380 	1525 	2090 	1445 	1670 	1020 	705 	885 	1085 	1565 	1400 	2335 	3875 	3905 	3755 	3880 	4060 	4035 	3235 	2670 	3370 	3400 	3000 	3415 	3930 	3565 	3550 	3570 	3620 	3995 	3895 	3715 	2180 	2590 	2910 	3110 	3015 	2340 
Q,PER,EXT_EU27_2020,T,TOTAL,TOTAL_POS,CY	0 	0 	0 	0 	75 	245 	515 	300 	260 	130 	10 	20 	10 	25 	25 	5 	50 	15 	30 	15 	0 	20 	65 	80 	145 	195 	320 	340 	360 	280 	575 	370 	420 	360 	170 	350 	265 	450 	250 	275 	205 	180 	540 	290 	235 	255 	480 	330 	495 	115 
Q,PER,EXT_EU27_2020,T,TOTAL,TOTAL_POS,CZ	45 	70 	45 	55 	40 	30 	10 	20 	25 	50 	35 	60 	125 	75 	65 	55 	60 	40 	35 	40 	55 	70 	90 	130 	50 	85 	85 	155 	140 	135 	90 	95 	165 	130 	90 	55 	55 	35 	35 	20 	45 	45 	25 	35 	35 	40 	40 	20 	15 	50 
Q,PER,EXT_EU27_2020,T,TOTAL,TOTAL_POS,DE	2095 	1690 	2110 	1975 	2275 	2780 	2625 	2085 	2270 	2860 	3145 	2170 	2520 	2390 	2500 	2265 	2470 	5995 	4565 	4110 	4900 	5105 	5120 	4995 	8045 	8020 	9585 	14910 	21305 	19855 	27140 	72610 	94780 	79535 	119070 	140520 	103330 	79105 	43720 	35470 	23670 	16020 	16190 	20055 	22415 	14780 	17800 	15320 	16680 	14955 
Q,PER,EXT_EU27_2020,T,TOTAL,TOTAL_POS,DK	180 	225 	200 	120 	95 	125 	195 	375 	240 	430 	355 	325 	270 	335 	355 	350 	370 	335 	365 	630 	485 	480 	555 	1290 	935 	1065 	1865 	1615 	3355 	2385 	1900 	2355 	1710 	2585 	1640 	1190 	930 	625 	440 	375 	305 	260 	340 	405 	305 	365 	385 	520 	185 	50 
Q,PER,EXT_EU27_2020,T,TOTAL,TOTAL_POS,EE	5 	0 	0 	0 	0 	0 	0 	0 	0 	5 	5 	5 	0 	0 	5 	0 	5 	0 	5 	0 	0 	0 	0 	5 	0 	10 	5 	5 	10 	20 	30 	20 	30 	35 	35 	25 	40 	40 	10 	5 	10 	5 	0 	5 	10 	10 	5 	20 	10 	5 
Q,PER,EXT_EU27_2020,T,TOTAL,TOTAL_POS,EL	0 	15 	0 	35 	40 	60 	40 	25 	40 	20 	20 	30 	75 	55 	35 	15 	15 	15 	0 	65 	70 	30 	55 	350 	340 	500 	415 	720 	1045 	1150 	1200 	630 	440 	525 	560 	1185 	1665 	2430 	2890 	3465 	2915 	3840 	3950 	4510 	4450 	3775 	4595 	4535 	5965 	14340 
Q,PER,EXT_EU27_2020,T,TOTAL,TOTAL_POS,ES	110 	20 	75 	75 	65 	85 	105 	95 	100 	90 	215 	205 	180 	145 	345 	315 	110 	115 	150 	150 	105 	140 	90 	200 	165 	195 	855 	370 	120 	295 	220 	385 	1645 	1565 	2775 	875 	1570 	525 	550 	1445 	395 	525 	630 	1345 	445 	2720 	13260 	21995 	20250 	7155 
Q,PER,EXT_EU27_2020,T,TOTAL,TOTAL_POS,EU27_2020	11320 	12375 	13070 	14095 	13575 	13620 	13475 	13690 	12290 	12310 	12700 	11785 	11745 	12815 	13380 	14355 	14930 	18570 	17305 	32355 	22410 	23525 	22905 	30220 	33765 	33570 	39795 	50130 	54455 	54350 	65895 	118995 	140510 	135640 	175650 	211160 	145815 	121105 	84415 	77650 	58905 	50945 	46410 	51060 	47495 	41940 	55150 	61440 	59830 	48635 
Q,PER,EXT_EU27_2020,T,TOTAL,TOTAL_POS,EU28	12995 	14260 	14790 	15905 	16205 	15655 	15395 	15500 	13930 	13895 	14285 	13470 	13560 	14420 	15325 	16230 	16975 	20320 	19350 	34370 	25125 	25825 	24905 	31755 	35115 	35435 	42800 	54035 	58735 	57600 	69125 	122190 	143275 	138110 	177770 	213740 	148290 	123290 	86460 	79515 	61230 	53335 	49020 	53845 	51240 	45530 	58815 	65440 	: 	: 
Q,PER,EXT_EU27_2020,T,TOTAL,TOTAL_POS,FI	155 	190 	130 	180 	160 	260 	140 	400 	485 	450 	390 	265 	275 	220 	210 	355 	265 	395 	390 	510 	400 	440 	420 	390 	305 	275 	335 	350 	315 	340 	405 	615 	1190 	1555 	1885 	2435 	1010 	1020 	755 	645 	650 	590 	645 	520 	400 	445 	310 	510 	525 	190 
Q,PER,EXT_EU27_2020,T,TOTAL,TOTAL_POS,FR	1395 	1305 	1235 	1215 	1185 	1190 	1390 	1290 	1415 	1255 	1160 	1270 	1105 	1195 	1075 	1245 	2045 	2195 	1840 	2560 	2105 	2945 	2530 	3125 	3380 	3445 	3270 	4715 	4610 	4910 	5070 	6045 	5590 	7605 	6820 	8735 	7585 	8375 	8180 	8425 	8665 	7365 	7805 	8885 	7495 	7275 	6990 	6380 	4860 	4545 
Q,PER,EXT_EU27_2020,T,TOTAL,TOTAL_POS,HR	: 	: 	: 	: 	: 	: 	: 	: 	: 	: 	: 	: 	: 	: 	: 	: 	5 	10 	10 	0 	5 	0 	15 	0 	5 	5 	10 	5 	15 	5 	15 	5 	0 	10 	45 	40 	20 	35 	40 	50 	15 	35 	40 	45 	15 	5 	25 	15 	15 	5 
Q,PER,EXT_EU27_2020,T,TOTAL,TOTAL_POS,HU	70 	125 	100 	100 	90 	105 	80 	115 	75 	60 	70 	50 	35 	45 	30 	45 	90 	100 	80 	80 	65 	85 	80 	130 	95 	130 	120 	165 	130 	110 	110 	80 	150 	105 	110 	65 	80 	255 	545 	415 	245 	80 	25 	15 	15 	15 	10 	20 	70 	50 
Q,PER,EXT_EU27_2020,T,TOTAL,TOTAL_POS,IE	115 	75 	65 	50 	40 	30 	25 	30 	15 	0 	5 	5 	15 	25 	10 	20 	15 	20 	25 	40 	30 	60 	35 	25 	70 	80 	130 	125 	105 	75 	80 	70 	110 	100 	145 	125 	40 	130 	265 	325 	370 	345 	120 	170 	115 	255 	245 	360 	245 	5 
Q,PER,EXT_EU27_2020,T,TOTAL,TOTAL_POS,IS	0 	5 	5 	0 	0 	5 	0 	0 	0 	10 	0 	0 	0 	5 	5 	0 	0 	0 	5 	0 	0 	5 	5 	0 	5 	10 	10 	5 	15 	5 	10 	25 	25 	20 	15 	30 	25 	10 	20 	15 	25 	20 	30 	30 	30 	55 	95 	130 	120 	85 
Q,PER,EXT_EU27_2020,T,TOTAL,TOTAL_POS,IT	1275 	1850 	2990 	3625 	3085 	2480 	1600 	1895 	1425 	1010 	890 	980 	1125 	1620 	2115 	2285 	3160 	3320 	2185 	13360 	4490 	3410 	3010 	3485 	4670 	5250 	5500 	5165 	5480 	6460 	7850 	9820 	7935 	9060 	8350 	10055 	8300 	8065 	7450 	7985 	8800 	9720 	7270 	4880 	3910 	4990 	4825 	4650 	4055 	1345 
Q,PER,EXT_EU27_2020,T,TOTAL,TOTAL_POS,LI	0 	0 	0 	0 	0 	0 	0 	0 	0 	0 	0 	0 	0 	0 	5 	10 	0 	0 	0 	0 	0 	0 	5 	0 	0 	0 	0 	0 	0 	0 	0 	0 	5 	5 	15 	20 	10 	5 	5 	0 	5 	0 	0 	5 	0 	0 	5 	5 	0 	: 
Q,PER,EXT_EU27_2020,T,TOTAL,TOTAL_POS,LT	15 	15 	10 	25 	30 	5 	5 	0 	0 	10 	5 	5 	5 	0 	10 	5 	10 	15 	15 	15 	10 	15 	20 	5 	25 	10 	10 	25 	15 	30 	5 	35 	15 	15 	45 	120 	100 	90 	75 	25 	60 	30 	30 	10 	35 	25 	25 	10 	15 	30 
Q,PER,EXT_EU27_2020,T,TOTAL,TOTAL_POS,LU	25 	95 	55 	15 	30 	15 	25 	40 	25 	10 	15 	15 	10 	10 	5 	10 	15 	10 	0 	15 	20 	40 	45 	25 	30 	25 	15 	50 	65 	20 	35 	65 	130 	135 	240 	260 	190 	270 	345 	320 	265 	355 	245 	150 	240 	125 	165 	140 	125 	115 
Q,PER,EXT_EU27_2020,T,TOTAL,TOTAL_POS,LV	0 	0 	0 	0 	0 	0 	0 	5 	5 	10 	0 	5 	5 	5 	0 	5 	10 	5 	5 	5 	10 	10 	5 	5 	5 	0 	5 	15 	0 	5 	5 	5 	25 	20 	35 	55 	95 	100 	55 	15 	5 	15 	5 	10 	5 	15 	5 	10 	5 	5 
Q,PER,EXT_EU27_2020,T,TOTAL,TOTAL_POS,MT	565 	130 	445 	265 	530 	365 	235 	565 	135 	25 	45 	15 	15 	470 	240 	160 	230 	90 	475 	640 	470 	270 	290 	580 	380 	305 	195 	380 	240 	240 	320 	455 	430 	300 	300 	165 	290 	135 	185 	150 	175 	150 	135 	185 	85 	90 	130 	105 	160 	45 
Q,PER,EXT_EU27_2020,T,TOTAL,TOTAL_POS,NL	1405 	1340 	1765 	1170 	1680 	1725 	2850 	1990 	1815 	2010 	2040 	2135 	1855 	1750 	1475 	1745 	1400 	990 	1465 	1650 	1300 	1155 	1400 	2105 	1735 	1830 	4330 	4655 	4505 	2075 	3185 	6685 	7620 	6670 	4510 	2010 	2400 	2015 	1770 	1625 	965 	865 	940 	850 	1040 	1490 	1065 	1250 	1505 	1170 
Q,PER,EXT_EU27_2020,T,TOTAL,TOTAL_POS,NO	580 	635 	505 	1330 	1290 	1290 	950 	980 	1190 	1475 	1325 	1310 	1120 	935 	755 	1205 	1575 	910 	1165 	1525 	1335 	1130 	1265 	2035 	1400 	745 	1340 	1425 	1615 	1440 	1570 	1625 	1725 	3440 	4475 	3135 	2075 	1285 	675 	730 	315 	355 	260 	530 	330 	430 	545 	485 	305 	315 
Q,PER,EXT_EU27_2020,T,TOTAL,TOTAL_POS,PL	490 	1050 	405 	825 	1100 	845 	465 	115 	130 	140 	120 	115 	105 	140 	125 	110 	180 	95 	125 	120 	145 	225 	205 	110 	200 	185 	140 	195 	155 	120 	280 	85 	55 	65 	95 	75 	115 	140 	100 	155 	130 	115 	90 	40 	85 	45 	80 	55 	75 	95 
Q,PER,EXT_EU27_2020,T,TOTAL,TOTAL_POS,PT	30 	15 	15 	5 	20 	20 	0 	5 	15 	10 	10 	25 	25 	10 	10 	20 	25 	25 	10 	35 	45 	55 	30 	5 	10 	5 	20 	70 	45 	15 	95 	40 	120 	45 	90 	70 	60 	235 	105 	100 	125 	105 	55 	345 	75 	50 	45 	5 	0 	0 
Q,PER,EXT_EU27_2020,T,TOTAL,TOTAL_POS,RO	45 	15 	25 	20 	40 	30 	25 	20 	15 	5 	10 	40 	25 	15 	30 	10 	10 	55 	65 	100 	165 	270 	240 	240 	180 	205 	145 	205 	105 	130 	125 	120 	95 	120 	220 	365 	325 	295 	365 	260 	150 	140 	125 	180 	115 	135 	115 	220 	110 	105 
Q,PER,EXT_EU27_2020,T,TOTAL,TOTAL_POS,SE	1535 	2080 	1545 	2675 	1470 	1565 	1565 	2495 	2080 	2145 	2225 	2060 	1775 	2165 	2160 	2695 	2135 	2300 	2920 	5040 	4520 	5635 	5170 	8685 	7945 	7070 	7660 	7975 	6050 	7585 	9160 	9565 	7430 	12790 	17270 	29095 	6220 	6510 	6635 	7410 	3405 	2545 	1800 	2900 	1655 	1515 	1345 	1550 	1225 	1005 
Q,PER,EXT_EU27_2020,T,TOTAL,TOTAL_POS,SI	0 	0 	0 	0 	0 	0 	0 	15 	0 	10 	0 	10 	5 	5 	10 	5 	5 	10 	5 	10 	5 	10 	15 	5 	5 	15 	10 	15 	15 	10 	10 	10 	20 	40 	50 	60 	40 	50 	35 	25 	25 	25 	40 	10 	25 	15 	15 	30 	25 	45 
Q,PER,EXT_EU27_2020,T,TOTAL,TOTAL_POS,SK	20 	10 	25 	35 	35 	85 	25 	30 	30 	15 	15 	30 	25 	30 	25 	40 	45 	10 	50 	85 	15 	15 	20 	20 	50 	45 	40 	35 	20 	30 	15 	15 	160 	15 	20 	15 	25 	15 	5 	20 	5 	0 	5 	30 	10 	5 	5 	10 	10 	5 
Q,PER,EXT_EU27_2020,T,TOTAL,TOTAL_POS,TOTAL	14645 	16350 	16460 	18380 	18565 	18235 	18010 	18485 	17910 	17685 	17180 	15930 	16060 	16885 	18175 	18890 	20225 	22255 	21225 	36780 	27555 	28525 	27580 	36125 	40395 	40090 	47905 	59340 	64420 	63085 	73940 	126515 	148395 	144980 	185275 	220345 	154330 	128155 	90710 	83835 	65195 	57705 	53210 	58125 	53780 	48605 	62370 	69170 	67415 	52995 d
Q,PER,EXT_EU27_2020,T,TOTAL,TOTAL_POS,UK	1675 	1885 	1720 	1810 	2625 	2035 	1920 	1815 	1635 	1585 	1585 	1685 	1815 	1605 	1945 	1875 	2045 	1745 	2045 	2010 	2715 	2300 	2005 	1530 	1350 	1860 	3005 	3905 	4280 	3250 	3230 	3190 	2765 	2475 	2120 	2580 	2470 	2185 	2045 	1865 	2325 	2385 	2615 	2780 	3740 	3590 	3665 	3995 	4150 	1615 
Q,PER,EXT_EU28,T,TOTAL,TOTAL_POS,AT	965 	895 	865 	730 	745 	835 	815 	825 	780 	860 	935 	870 	1035 	905 	1080 	1065 	1085 	1035 	1120 	1215 	1185 	1250 	1195 	1290 	545 	1515 	1830 	3280 	2660 	3690 	3755 	4935 	5990 	7635 	7325 	9420 	7305 	6395 	6300 	5200 	4550 	3970 	3450 	3050 	2360 	1820 	1735 	1505 	: 	: 
Q,PER,EXT_EU28,T,TOTAL,TOTAL_POS,BE	715 	1060 	860 	870 	700 	685 	655 	870 	875 	660 	925 	1050 	1080 	1125 	1400 	1470 	1085 	1310 	1325 	1830 	1650 	1540 	1630 	1460 	1660 	1760 	2020 	2610 	2495 	2455 	2380 	3145 	3980 	4385 	3390 	3295 	3140 	3345 	2860 	3240 	2560 	3385 	1740 	1990 	1850 	1600 	1350 	1730 	: 	: 
Q,PER,EXT_EU28,T,TOTAL,TOTAL_POS,BG	65 	105 	105 	20 	55 	60 	85 	65 	35 	35 	40 	25 	35 	55 	45 	55 	40 	65 	40 	30 	165 	240 	575 	1475 	2795 	1345 	880 	1985 	1095 	1925 	1830 	745 	265 	230 	360 	495 	615 	425 	445 	210 	195 	225 	175 	140 	80 	75 	110 	135 	: 	: 
Q,PER,EXT_EU28,T,TOTAL,TOTAL_POS,CH	1070 	1450 	1160 	1145 	1070 	1290 	1665 	2000 	2785 	2310 	1570 	1150 	1380 	1525 	2090 	1445 	1670 	1020 	705 	885 	1085 	1565 	1400 	2335 	3875 	3905 	3755 	3880 	4060 	4035 	3235 	2670 	3370 	3400 	3000 	3415 	3930 	3565 	3550 	3570 	3620 	3995 	3895 	3715 	2180 	2590 	2910 	3110 	: 	: 
Q,PER,EXT_EU28,T,TOTAL,TOTAL_POS,CY	0 	0 	0 	0 	75 	245 	515 	300 	260 	130 	10 	20 	10 	25 	25 	5 	50 	15 	30 	15 	0 	20 	65 	80 	145 	195 	320 	340 	360 	280 	575 	370 	420 	360 	170 	350 	265 	450 	250 	275 	205 	180 	540 	290 	235 	255 	480 	330 	: 	: 
Q,PER,EXT_EU28,T,TOTAL,TOTAL_POS,CZ	45 	70 	45 	55 	40 	30 	10 	20 	25 	50 	35 	60 	125 	75 	65 	55 	60 	40 	35 	40 	55 	70 	90 	130 	50 	85 	85 	155 	140 	135 	90 	95 	165 	130 	90 	55 	55 	35 	35 	20 	45 	45 	25 	35 	35 	40 	40 	20 	: 	: 
Q,PER,EXT_EU28,T,TOTAL,TOTAL_POS,DE	2095 	1690 	2110 	1975 	2275 	2780 	2625 	2085 	2270 	2860 	3145 	2170 	2520 	2390 	2500 	2265 	2470 	5995 	4565 	4110 	4900 	5105 	5120 	4995 	8045 	8020 	9585 	14910 	21305 	19855 	27140 	72610 	94780 	79535 	119070 	140520 	103330 	79105 	43720 	35470 	23670 	16020 	16190 	20055 	22415 	14780 	17800 	15320 	: 	: 
Q,PER,EXT_EU28,T,TOTAL,TOTAL_POS,DK	180 	225 	200 	120 	95 	125 	195 	375 	240 	430 	355 	325 	270 	335 	355 	350 	370 	335 	365 	630 	485 	480 	555 	1290 	935 	1065 	1865 	1615 	3355 	2385 	1900 	2355 	1710 	2585 	1640 	1190 	930 	625 	440 	375 	305 	260 	340 	405 	305 	365 	385 	520 	: 	: 
Q,PER,EXT_EU28,T,TOTAL,TOTAL_POS,EE	5 	0 	0 	0 	0 	0 	0 	0 	0 	5 	5 	5 	0 	0 	5 	0 	5 	0 	5 	0 	0 	0 	0 	5 	0 	10 	5 	5 	10 	20 	30 	20 	30 	35 	35 	25 	40 	40 	10 	5 	10 	5 	0 	5 	10 	10 	5 	20 	: 	: 
Q,PER,EXT_EU28,T,TOTAL,TOTAL_POS,EL	0 	15 	0 	35 	40 	60 	40 	25 	40 	20 	20 	30 	75 	55 	35 	15 	15 	15 	0 	65 	70 	30 	55 	350 	340 	500 	415 	720 	1045 	1150 	1200 	630 	440 	525 	560 	1185 	1665 	2430 	2890 	3465 	2915 	3840 	3950 	4510 	4450 	3775 	4595 	4535 	: 	: 
Q,PER,EXT_EU28,T,TOTAL,TOTAL_POS,ES	110 	20 	75 	75 	65 	85 	105 	95 	100 	90 	215 	205 	180 	145 	345 	315 	110 	115 	150 	150 	105 	140 	90 	200 	165 	195 	855 	370 	120 	295 	220 	385 	1645 	1565 	2775 	875 	1570 	525 	550 	1445 	395 	525 	630 	1345 	445 	2720 	13260 	21995 	: 	: 
Q,PER,EXT_EU28,T,TOTAL,TOTAL_POS,EU27_2020	11320 d	12375 d	13070 d	14095 d	13575 d	13620 d	13475 d	13690 d	12290 d	12310 d	12700 d	11785 d	11745 d	12815 d	13380 d	14355 d	14930 	18570 	17305 	32355 	22410 	23525 	22905 	30220 	33765 	33570 	39795 	50130 	54455 	54350 	65895 	118995 	140510 	135640 	175650 	211160 	145815 	121105 	84415 	77650 	58905 	50945 	46410 	51060 	47495 	41940 	55150 	61440 	: 	: 
Q,PER,EXT_EU28,T,TOTAL,TOTAL_POS,EU28	12995 d	14260 d	14790 d	15905 d	16205 d	15655 d	15395 d	15500 d	13930 d	13895 d	14285 d	13470 d	13560 	14420 	15325 	16230 	16975 	20320 	19350 	34370 	25125 	25825 	24905 	31750 	35115 	35435 	42800 	54035 	58735 	57600 	69125 	122190 	143275 	138110 	177770 	213740 	148290 	123290 	86460 	79515 	61230 	53335 	49020 	53840 	51240 	45530 	58815 	65440 	: 	: 
Q,PER,EXT_EU28,T,TOTAL,TOTAL_POS,FI	155 	190 	130 	180 	160 	260 	140 	400 	485 	450 	390 	265 	275 	220 	210 	355 	265 	395 	390 	510 	400 	440 	420 	390 	305 	275 	335 	350 	315 	340 	405 	615 	1190 	1555 	1885 	2435 	1010 	1020 	755 	645 	650 	590 	645 	520 	400 	445 	310 	510 	: 	: 
Q,PER,EXT_EU28,T,TOTAL,TOTAL_POS,FR	1395 	1305 	1235 	1215 	1185 	1190 	1390 	1290 	1415 	1255 	1160 	1270 	1105 	1195 	1075 	1245 	2045 	2195 	1840 	2560 	2105 	2945 	2530 	3125 	3380 	3445 	3270 	4715 	4610 	4910 	5070 	6045 	5590 	7605 	6820 	8735 	7585 	8375 	8180 	8425 	8665 	7365 	7805 	8885 	7495 	7275 	6990 	6380 	: 	: 
Q,PER,EXT_EU28,T,TOTAL,TOTAL_POS,HR	: 	: 	: 	: 	: 	: 	: 	: 	: 	: 	: 	: 	: 	: 	: 	: 	5 	10 	10 	0 	5 	0 	15 	0 	5 	5 	10 	5 	15 	5 	15 	5 	0 	10 	45 	40 	20 	35 	40 	50 	15 	35 	40 	45 	15 	5 	25 	15 	: 	: 
Q,PER,EXT_EU28,T,TOTAL,TOTAL_POS,HU	70 	125 	100 	100 	90 	105 	80 	115 	75 	60 	70 	50 	35 	45 	30 	45 	90 	100 	80 	80 	65 	85 	80 	130 	95 	130 	120 	165 	130 	110 	110 	80 	150 	105 	110 	65 	80 	255 	545 	415 	245 	80 	25 	15 	15 	15 	10 	20 	: 	: 
Q,PER,EXT_EU28,T,TOTAL,TOTAL_POS,IE	115 	75 	65 	50 	40 	30 	25 	30 	15 	0 	5 	5 	15 	25 	10 	20 	15 	20 	25 	40 	30 	60 	35 	25 	70 	80 	130 	125 	105 	75 	80 	70 	110 	100 	145 	125 	40 	130 	265 	325 	370 	345 	120 	170 	115 	255 	245 	360 	: 	: 
Q,PER,EXT_EU28,T,TOTAL,TOTAL_POS,IS	0 	5 	5 	0 	0 	5 	0 	0 	0 	10 	0 	0 	0 	5 	5 	0 	0 	0 	5 	0 	0 	5 	5 	0 	5 	10 	10 	5 	15 	5 	10 	25 	25 	20 	15 	30 	25 	10 	20 	15 	25 	20 	30 	30 	30 	55 	95 	130 	: 	: 
Q,PER,EXT_EU28,T,TOTAL,TOTAL_POS,IT	1275 	1850 	2990 	3625 	3085 	2480 	1600 	1895 	1425 	1010 	890 	980 	1125 	1620 	2115 	2285 	3160 	3320 	2185 	13360 	4490 	3410 	3010 	3485 	4670 	5250 	5500 	5165 	5480 	6460 	7850 	9820 	7935 	9060 	8350 	10055 	8300 	8065 	7450 	7985 	8800 	9720 	7270 	4880 	3910 	4990 	4825 	4650 	: 	: 
Q,PER,EXT_EU28,T,TOTAL,TOTAL_POS,LI	0 	0 	0 	0 	0 	0 	0 	0 	0 	0 	0 	0 	0 	0 	5 	10 	0 	0 	0 	0 	0 	0 	5 	0 	0 	0 	0 	0 	0 	0 	0 	0 	5 	5 	15 	20 	10 	5 	5 	0 	5 	0 	0 	5 	0 	0 	5 	5 	: 	: 
Q,PER,EXT_EU28,T,TOTAL,TOTAL_POS,LT	15 	15 	10 	25 	30 	5 	5 	0 	0 	10 	5 	5 	5 	0 	10 	5 	10 	15 	15 	15 	10 	15 	20 	5 	25 	10 	10 	25 	15 	30 	5 	35 	15 	15 	45 	120 	100 	90 	75 	25 	60 	30 	30 	10 	35 	25 	25 	10 	: 	: 
Q,PER,EXT_EU28,T,TOTAL,TOTAL_POS,LU	25 	95 	55 	15 	30 	15 	25 	40 	25 	10 	15 	15 	10 	10 	5 	10 	15 	10 	0 	15 	20 	40 	45 	25 	30 	25 	15 	50 	65 	20 	35 	65 	130 	135 	240 	260 	190 	270 	345 	320 	265 	355 	245 	150 	240 	125 	165 	140 	: 	: 
Q,PER,EXT_EU28,T,TOTAL,TOTAL_POS,LV	0 	0 	0 	0 	0 	0 	0 	5 	5 	10 	0 	5 	5 	5 	0 	5 	10 	5 	5 	5 	10 	10 	5 	5 	5 	0 	5 	15 	0 	5 	5 	5 	25 	20 	35 	55 	95 	100 	55 	15 	5 	15 	5 	10 	5 	15 	5 	10 	: 	: 
Q,PER,EXT_EU28,T,TOTAL,TOTAL_POS,MT	565 	130 	445 	265 	530 	365 	235 	565 	135 	25 	45 	15 	15 	470 	240 	160 	230 	90 	475 	640 	470 	270 	290 	580 	380 	305 	195 	380 	240 	240 	320 	455 	430 	300 	300 	165 	290 	135 	185 	150 	175 	150 	135 	185 	85 	90 	130 	105 	: 	: 
Q,PER,EXT_EU28,T,TOTAL,TOTAL_POS,NL	1405 	1340 	1765 	1170 	1680 	1725 	2850 	1990 	1815 	2010 	2040 	2135 	1855 	1750 	1475 	1745 	1400 	990 	1465 	1650 	1300 	1155 	1400 	2105 	1735 	1830 	4330 	4655 	4505 	2075 	3185 	6685 	7620 	6670 	4510 	2010 	2400 	2015 	1770 	1625 	965 	865 	940 	850 	1040 	1490 	1065 	1250 	: 	: 
Q,PER,EXT_EU28,T,TOTAL,TOTAL_POS,NO	580 	635 	505 	1330 	1290 	1290 	950 	980 	1190 	1475 	1325 	1310 	1120 	935 	755 	1205 	1575 	910 	1165 	1525 	1335 	1130 	1265 	2035 	1400 	745 	1340 	1425 	1615 	1440 	1570 	1625 	1725 	3440 	4475 	3135 	2075 	1285 	675 	730 	315 	355 	260 	530 	330 	430 	545 	485 	: 	: 
Q,PER,EXT_EU28,T,TOTAL,TOTAL_POS,PL	490 	1050 	405 	825 	1100 	845 	465 	115 	130 	140 	120 	115 	105 	140 	125 	110 	180 	95 	125 	120 	145 	225 	205 	110 	200 	185 	140 	195 	155 	120 	280 	85 	55 	65 	95 	75 	115 	140 	100 	155 	130 	115 	90 	40 	85 	45 	80 	55 	: 	: 
Q,PER,EXT_EU28,T,TOTAL,TOTAL_POS,PT	30 	15 	15 	5 	20 	20 	0 	5 	15 	10 	10 	25 	25 	10 	10 	20 	25 	25 	10 	35 	45 	55 	30 	5 	10 	5 	20 	70 	45 	15 	95 	40 	120 	45 	90 	70 	60 	235 	105 	100 	125 	105 	55 	345 	75 	50 	45 	5 	: 	: 
Q,PER,EXT_EU28,T,TOTAL,TOTAL_POS,RO	45 	15 	25 	20 	40 	30 	25 	20 	15 	5 	10 	40 	25 	15 	30 	10 	10 	55 	65 	100 	165 	270 	240 	240 	180 	205 	145 	205 	105 	130 	125 	120 	95 	120 	220 	365 	325 	295 	365 	260 	150 	140 	125 	180 	115 	135 	115 	220 	: 	: 
Q,PER,EXT_EU28,T,TOTAL,TOTAL_POS,SE	1535 	2080 	1545 	2675 	1470 	1565 	1565 	2495 	2080 	2145 	2225 	2060 	1775 	2165 	2160 	2695 	2135 	2300 	2920 	5040 	4520 	5635 	5170 	8685 	7945 	7070 	7660 	7975 	6050 	7585 	9160 	9565 	7430 	12790 	17270 	29095 	6220 	6510 	6635 	7410 	3405 	2545 	1800 	2900 	1655 	1515 	1345 	1550 	: 	: 
Q,PER,EXT_EU28,T,TOTAL,TOTAL_POS,SI	0 	0 	0 	0 	0 	0 	0 	15 	0 	10 	0 	10 	5 	5 	10 	5 	5 	10 	5 	10 	5 	10 	15 	5 	5 	15 	10 	15 	15 	10 	10 	10 	20 	40 	50 	60 	40 	50 	35 	25 	25 	25 	40 	10 	25 	15 	15 	30 	: 	: 
Q,PER,EXT_EU28,T,TOTAL,TOTAL_POS,SK	20 	10 	25 	35 	35 	85 	25 	30 	30 	15 	15 	30 	25 	30 	25 	40 	45 	10 	50 	85 	15 	15 	20 	20 	50 	45 	40 	35 	20 	30 	15 	15 	160 	15 	20 	15 	25 	15 	5 	20 	5 	0 	5 	30 	10 	5 	5 	10 	: 	: 
Q,PER,EXT_EU28,T,TOTAL,TOTAL_POS,TOTAL	14645 d	16350 d	16460 d	18380 d	18565 d	18235 d	18010 d	18485 d	17910 d	17685 d	17180 d	15930 d	16060 	16885 	18175 	18890 	20225 	22255 	21225 	36780 	27555 	28525 	27580 	36125 	40395 	40090 	47905 	59340 	64420 	63085 	73940 	126515 	148395 	144980 	185275 	220345 	154330 	128155 	90710 	83835 	65195 	57705 	53210 	58125 	53780 	48605 	62370 	69170 	: 	: 
Q,PER,EXT_EU28,T,TOTAL,TOTAL_POS,UK	1675 	1885 	1720 	1810 	2625 	2035 	1920 	1815 	1635 	1585 	1585 	1685 	1815 	1605 	1945 	1875 	2045 	1745 	2045 	2010 	2715 	2300 	2005 	1530 	1350 	1860 	3005 	3905 	4280 	3250 	3230 	3190 	2765 	2475 	2120 	2580 	2470 	2185 	2045 	1865 	2325 	2385 	2615 	2780 	3740 	3590 	3665 	3995 	: 	: 
Q,PER,TOTAL,T,TOTAL,TOTAL_POS,AT	965 	895 	865 	730 	745 	835 	815 	825 	785 	860 	935 	870 	1035 	905 	1080 	1065 	1085 	1035 	1120 	1215 	1185 	1250 	1195 	1290 	545 	1515 	1830 	3280 	2660 	3690 	3755 	4935 	5990 	7635 	7325 	9420 	7305 	6395 	6300 	5205 	4550 	3970 	3450 	3050 	2360 	1820 	1740 	1505 	1565 	1370 
Q,PER,TOTAL,T,TOTAL,TOTAL_POS,BE	715 	1060 	860 	870 	700 	685 	655 	870 	875 	660 	925 	1050 	1080 	1125 	1400 	1470 	1085 	1310 	1325 	1830 	1650 	1540 	1630 	1460 	1660 	1760 	2025 	2610 	2495 	2455 	2380 	3145 	3980 	4385 	3390 	3295 	3140 	3345 	2860 	3240 	2560 	3385 	1740 	1995 	1850 	1600 	1350 	1730 	1440 	1735 
Q,PER,TOTAL,T,TOTAL,TOTAL_POS,BG	65 	105 	105 	20 	55 	60 	85 	65 	35 	35 	40 	25 	35 	55 	45 	55 	40 	65 	40 	30 	165 	240 	575 	1475 	2795 	1345 	880 	1985 	1095 	1925 	1830 	745 	265 	230 	360 	495 	615 	425 	445 	210 	195 	225 	175 	140 	80 	75 	110 	135 	210 	100 
Q,PER,TOTAL,T,TOTAL,TOTAL_POS,CH	1070 	1450 	1165 	1150 	1070 	1295 	1665 	2000 	2790 	2310 	1575 	1150 	1385 	1525 	2090 	1445 	1670 	1020 	705 	885 	1085 	1565 	1400 	2335 	3875 	3905 	3755 	3880 	4060 	4035 	3235 	2670 	3370 	3405 	3000 	3415 	3930 	3565 	3550 	3570 	3620 	3995 	3895 	3715 	2180 	2590 	2910 	3110 	3015 	2345 
Q,PER,TOTAL,T,TOTAL,TOTAL_POS,CY	0 	0 	0 	0 	75 	245 	515 	300 	260 	130 	10 	20 	10 	25 	25 	5 	50 	15 	30 	15 	0 	20 	65 	80 	145 	195 	320 	340 	360 	280 	575 	370 	420 	360 	170 	350 	265 	450 	250 	275 	205 	180 	540 	290 	235 	255 	480 	330 	495 	115 
Q,PER,TOTAL,T,TOTAL,TOTAL_POS,CZ	45 	70 	45 	55 	40 	30 	10 	20 	25 	50 	35 	60 	125 	75 	65 	55 	60 	40 	35 	40 	55 	70 	90 	130 	50 	85 	85 	155 	140 	135 	90 	95 	165 	130 	90 	55 	55 	35 	35 	20 	45 	45 	25 	35 	35 	40 	40 	20 	15 	50 
Q,PER,TOTAL,T,TOTAL,TOTAL_POS,DE	2095 	1690 	2110 	1975 	2275 	2780 	2625 	2085 	2270 	2860 	3145 	2170 	2520 	2390 	2500 	2265 	2470 	5995 	4565 	4115 	4900 	5105 	5125 	4995 	8045 	8020 	9585 	14910 	21305 	19855 	27140 	72610 	94780 	79535 	119075 	140520 	103330 	79110 	43720 	35470 	23670 	16020 	16190 	20055 	22415 	14780 	17800 	15320 	16680 	14955 
Q,PER,TOTAL,T,TOTAL,TOTAL_POS,DK	180 	225 	200 	120 	95 	125 	195 	375 	240 	430 	355 	325 	275 	335 	355 	350 	370 	335 	365 	630 	485 	480 	555 	1290 	935 	1065 	1865 	1615 	3355 	2385 	1900 	2355 	1710 	2585 	1640 	1190 	930 	625 	440 	375 	305 	260 	340 	405 	305 	365 	385 	520 	185 	50 
Q,PER,TOTAL,T,TOTAL,TOTAL_POS,EE	5 	0 	0 	0 	0 	0 	0 	0 	0 	5 	5 	5 	0 	0 	5 	0 	5 	0 	5 	0 	0 	0 	0 	5 	0 	10 	5 	5 	10 	20 	30 	20 	30 	35 	35 	25 	40 	40 	10 	5 	10 	5 	0 	5 	10 	10 	5 	20 	10 	5 
Q,PER,TOTAL,T,TOTAL,TOTAL_POS,EL	0 	15 	0 	35 	40 	60 	40 	25 	40 	20 	20 	30 	75 	55 	35 	15 	15 	15 	0 	65 	70 	30 	55 	350 	340 	500 	415 	720 	1045 	1150 	1200 	630 	440 	525 	560 	1185 	1665 	2430 	2890 	3465 	2915 	3840 	3950 	4510 	4450 	3775 	4595 	4535 	5965 	14340 
Q,PER,TOTAL,T,TOTAL,TOTAL_POS,ES	110 	20 	75 	75 	65 	85 	105 	95 	100 	90 	215 	205 	180 	145 	345 	315 	110 	115 	150 	150 	105 	140 	90 	200 	165 	195 	855 	370 	120 	295 	220 	385 	1645 	1565 	2775 	875 	1570 	525 	550 	1445 	395 	525 	630 	1345 	445 	2720 	13260 	21995 	20250 	7155 
Q,PER,TOTAL,T,TOTAL,TOTAL_POS,EU27_2020	11325 d	12380 d	13075 d	14095 d	13575 d	13625 d	13475 d	13690 d	12295 d	12310 d	12700 d	11790 d	11750 d	12815 d	13390 d	14360 d	14935 	18575 	17305 	32365 	22415 	23530 	22905 	30225 	33765 	33575 	39805 	50130 	54455 	54350 	65895 	118995 	140510 	135640 	175650 	211165 	145820 	121105 	84415 	77655 	58905 	50945 	46410 	51065 	47495 	41940 	55150 	61445 	59830 	48640 
Q,PER,TOTAL,T,TOTAL,TOTAL_POS,EU28	13000 d	14260 d	14795 d	15905 d	16205 d	15660 d	15395 d	15505 d	13935 d	13895 d	14285 d	13475 d	13565 	14420 	15335 	16235 	16975 	20325 	19355 	34375 	25130 	25830 	24910 	31755 	35115 	35435 	42810 	54035 	58735 	57600 	69125 	122190 	143275 	138115 	177770 	213740 	148290 	123295 	86465 	79520 	61235 	53335 	49025 	53845 	51240 	45535 	58815 	65440 	: 	: 
Q,PER,TOTAL,T,TOTAL,TOTAL_POS,FI	155 	190 	130 	180 	160 	260 	140 	400 	485 	450 	390 	265 	275 	220 	210 	355 	265 	395 	390 	510 	400 	440 	420 	390 	305 	275 	335 	350 	315 	340 	405 	615 	1190 	1555 	1885 	2435 	1010 	1020 	755 	645 	650 	590 	645 	520 	400 	445 	310 	510 	525 	190 
Q,PER,TOTAL,T,TOTAL,TOTAL_POS,FR	1395 	1305 	1235 	1215 	1185 	1190 	1390 	1290 	1415 	1255 	1160 	1270 	1105 	1195 	1075 	1245 	2045 	2195 	1840 	2560 	2105 	2945 	2530 	3125 	3380 	3445 	3270 	4715 	4610 	4910 	5070 	6045 	5590 	7605 	6820 	8735 	7585 	8375 	8180 	8425 	8665 	7365 	7805 	8885 	7495 	7275 	6990 	6380 	4860 	4545 
Q,PER,TOTAL,T,TOTAL,TOTAL_POS,HR	: 	: 	: 	: 	: 	: 	: 	: 	: 	: 	: 	: 	: 	: 	: 	: 	5 	10 	10 	0 	5 	0 	15 	0 	5 	5 	10 	5 	15 	5 	15 	5 	0 	10 	45 	40 	20 	35 	40 	50 	15 	35 	40 	45 	15 	5 	25 	15 	15 	5 
Q,PER,TOTAL,T,TOTAL,TOTAL_POS,HU	70 	125 	100 	100 	90 	105 	80 	115 	75 	60 	70 	50 	35 	45 	30 	45 	90 	100 	80 	80 	65 	85 	80 	130 	95 	130 	120 	165 	130 	110 	110 	80 	150 	105 	110 	65 	80 	255 	545 	415 	245 	80 	25 	15 	15 	15 	10 	20 	70 	50 
Q,PER,TOTAL,T,TOTAL,TOTAL_POS,IE	115 	75 	65 	50 	40 	30 	25 	30 	15 	0 	5 	5 	15 	25 	10 	20 	15 	20 	25 	40 	30 	60 	35 	25 	70 	80 	130 	125 	105 	75 	80 	70 	110 	100 	145 	125 	40 	130 	265 	325 	370 	345 	120 	170 	115 	255 	245 	360 	245 	5 
Q,PER,TOTAL,T,TOTAL,TOTAL_POS,IS	0 	5 	5 	0 	0 	5 	0 	0 	0 	10 	0 	0 	0 	5 	5 	0 	0 	0 	5 	0 	0 	5 	5 	0 	5 	10 	10 	5 	15 	5 	10 	25 	25 	20 	15 	30 	25 	10 	20 	15 	25 	20 	30 	30 	30 	55 	95 	130 	120 	85 
Q,PER,TOTAL,T,TOTAL,TOTAL_POS,IT	1275 	1850 	2990 	3625 	3085 	2485 	1600 	1895 	1425 	1010 	890 	980 	1125 	1620 	2125 	2290 	3160 	3320 	2185 	13365 	4490 	3410 	3010 	3485 	4670 	5250 	5500 	5165 	5480 	6460 	7850 	9820 	7935 	9060 	8350 	10055 	8300 	8065 	7450 	7985 	8800 	9720 	7270 	4880 	3910 	4990 	4825 	4650 	4055 	1345 
Q,PER,TOTAL,T,TOTAL,TOTAL_POS,LI	0 	0 	0 	0 	0 	0 	0 	0 	0 	0 	0 	0 	0 	0 	5 	10 	0 	0 	0 	0 	0 	0 	5 	0 	0 	0 	0 	0 	0 	0 	0 	0 	5 	5 	15 	20 	10 	5 	5 	0 	5 	0 	0 	5 	0 	0 	5 	5 	0 	: 
Q,PER,TOTAL,T,TOTAL,TOTAL_POS,LT	15 	15 	10 	25 	30 	5 	5 	0 	0 	10 	5 	5 	5 	0 	10 	5 	10 	15 	15 	15 	10 	15 	20 	5 	25 	10 	10 	25 	15 	30 	5 	35 	15 	15 	45 	120 	100 	90 	75 	25 	60 	30 	30 	10 	35 	25 	25 	10 	15 	30 
Q,PER,TOTAL,T,TOTAL,TOTAL_POS,LU	25 	95 	55 	15 	30 	15 	25 	40 	25 	10 	15 	15 	10 	10 	5 	10 	15 	10 	0 	15 	20 	40 	45 	25 	30 	25 	15 	50 	65 	20 	35 	65 	130 	135 	240 	260 	190 	270 	345 	320 	265 	355 	245 	150 	240 	125 	165 	140 	125 	115 
Q,PER,TOTAL,T,TOTAL,TOTAL_POS,LV	0 	0 	0 	0 	0 	0 	0 	5 	5 	10 	0 	5 	5 	5 	0 	5 	10 	5 	5 	5 	10 	10 	5 	5 	5 	0 	5 	15 	0 	5 	5 	5 	25 	20 	35 	55 	95 	100 	55 	15 	5 	15 	5 	10 	5 	15 	5 	10 	5 	5 
Q,PER,TOTAL,T,TOTAL,TOTAL_POS,MT	565 	130 	445 	265 	530 	365 	235 	565 	135 	25 	45 	15 	15 	470 	240 	160 	230 	90 	475 	640 	470 	270 	290 	580 	380 	305 	195 	380 	240 	240 	320 	455 	430 	300 	300 	165 	290 	135 	185 	150 	175 	150 	135 	185 	85 	90 	130 	105 	160 	45 
Q,PER,TOTAL,T,TOTAL,TOTAL_POS,NL	1405 	1340 	1765 	1170 	1680 	1725 	2850 	1990 	1815 	2010 	2040 	2135 	1855 	1750 	1475 	1745 	1400 p	990 p	1465 p	1650 p	1305 	1155 	1400 	2110 	1735 	1830 	4330 	4655 	4505 	2075 	3185 	6685 	7620 	6670 	4510 	2010 	2400 	2015 	1770 	1625 	965 	865 	940 	850 	1040 	1490 	1065 	1250 	1505 	1170 
Q,PER,TOTAL,T,TOTAL,TOTAL_POS,NO	580 	635 	505 	1330 	1290 	1290 	950 	980 	1190 	1475 	1325 	1310 	1120 	935 	755 	1205 	1575 	910 	1165 	1525 	1340 	1130 	1265 	2035 	1400 	745 	1340 	1425 	1615 	1440 	1570 	1625 	1725 	3440 	4475 	3140 	2075 	1285 	675 	730 	315 	355 	260 	530 	335 	430 	550 	485 	305 	315 
Q,PER,TOTAL,T,TOTAL,TOTAL_POS,PL	490 	1050 	405 	825 	1100 	845 	465 	115 	130 	140 	120 	115 	105 	140 	125 	110 	180 	95 	125 	120 	145 	225 	205 	110 	200 	185 	140 	195 	155 	120 	280 	85 	55 	65 	95 	75 	115 	140 	100 	155 	130 	115 	90 	40 	85 	45 	80 	55 	75 	95 
Q,PER,TOTAL,T,TOTAL,TOTAL_POS,PT	30 	15 	15 	5 	20 	20 	0 	5 	15 	10 	10 	25 	25 	10 	10 	20 	25 	25 	10 	35 	45 	55 	30 	5 	10 	5 	20 	70 	45 	15 	95 	40 	120 	45 	90 	70 	60 	235 	105 	100 	125 	105 	55 	345 	75 	50 	45 	5 	0 	0 
Q,PER,TOTAL,T,TOTAL,TOTAL_POS,RO	45 	15 	25 	20 	40 	30 	25 	20 	15 	5 	10 	40 	25 	15 	30 	10 	10 	55 	65 	100 	165 	270 	240 	240 	180 	205 	145 	205 	105 	130 	125 	120 	95 	120 	220 	365 	325 	295 	365 	260 	150 	140 	125 	180 	115 	135 	115 	220 	110 	105 
Q,PER,TOTAL,T,TOTAL,TOTAL_POS,SE	1540 	2085 	1545 	2675 	1470 	1565 	1565 	2495 	2080 	2145 	2225 	2060 	1775 	2165 	2160 	2695 	2135 	2300 	2920 	5040 	4520 	5635 	5170 	8690 	7945 	7070 	7660 	7975 	6050 	7585 	9160 	9565 	7430 	12790 	17270 	29100 	6220 	6510 	6635 	7410 	3405 	2545 	1800 	2900 	1655 	1515 	1345 	1550 	1225 	1005 
Q,PER,TOTAL,T,TOTAL,TOTAL_POS,SI	0 	0 	0 	0 	0 	0 	0 	15 	0 	10 	0 	10 	5 	5 	10 	5 	5 	10 	5 	10 	5 	10 	15 	5 	5 	15 	10 	15 	15 	10 	10 	10 	20 	40 	50 	60 	40 	50 	35 	25 	25 	25 	40 	10 	25 	15 	15 	30 	25 	45 
Q,PER,TOTAL,T,TOTAL,TOTAL_POS,SK	20 	10 	25 	35 	35 	85 	25 	30 	30 	15 	15 	30 	25 	30 	25 	40 	45 	10 	50 	85 	15 	15 	20 	20 	50 	45 	40 	35 	20 	30 	15 	15 	160 	15 	20 	15 	25 	15 	5 	20 	5 	0 	5 	30 	10 	5 	5 	10 	10 	5 
Q,PER,TOTAL,T,TOTAL,TOTAL_POS,TOTAL	14650 d	16350 d	16470 d	18380 d	18565 d	18245 d	18010 d	18490 d	17915 d	17690 d	17185 d	15935 d	16070 	16890 	18180 	18895 	20225 	22255 	21230 	36785 	27560 	28530 	27585 	36130 	40395 	40090 	47915 	59345 	64425 	63085 	73940 	126515 	148395 	144985 	185280 	220350 	154335 	128160 	90710 	83835 	65195 	57705 	53210 	58125 	53780 	48610 	62375 	69170 	67415 	53000 d
Q,PER,TOTAL,T,TOTAL,TOTAL_POS,UK	1675 	1885 	1720 	1810 	2625 	2035 	1920 	1815 	1635 	1585 	1585 	1685 	1815 	1605 	1945 	1875 	2045 	1750 	2045 	2010 	2715 	2300 	2005 	1530 	1350 	1860 	3005 	3905 	4280 	3250 	3230 	3195 	2765 	2475 	2120 	2580 	2470 	2190 	2045 	1865 	2325 	2385 	2615 	2780 	3740 	3590 	3665 	3995 	4150 	1615 
